run_id,conversation_id,user_id,target_type,target_id,run_status,manual_minutes_low,manual_minutes_base,manual_minutes_high,prompt_minutes,ai_wall_minutes,quality_score,quality_evidence,marginal_cost,fully_loaded_cost,potential_saved_minutes_base,potential_roi_base,actual_saved_minutes,actual_roi,break_even_quality_base,status,missing_evidence
run_001,conv_aleksei_smirnov_01,aleksei_smirnov,,,completed,,,,3.0,6.430000000000001,,,0.0,22.21,,,,,,INSUFFICIENT_EVIDENCE,"[""economic_passport""]"
run_019,conv_aleksei_smirnov_01,aleksei_smirnov,known_use_case,daily_email_digest,completed,25.0,45.0,90.0,3.0,4.680000000000001,,,0.0,22.85,33.532,35.68709,,,0.275156,POTENTIALLY_EFFECTIVE,[]
run_037,conv_aleksei_smirnov_01,aleksei_smirnov,known_use_case,client_contacts_by_company,completed,10.0,25.0,60.0,3.0,4.739999999999999,,,0.0,23.49,15.526,15.524053,,,0.416544,POTENTIALLY_EFFECTIVE,[]
run_055,conv_aleksei_smirnov_01,aleksei_smirnov,known_use_case,client_contacts_by_company,completed,10.0,25.0,60.0,3.0,5.27,,,0.0,24.18,15.473,14.997725,,,0.419768,POTENTIALLY_EFFECTIVE,[]
run_073,conv_aleksei_smirnov_01,aleksei_smirnov,known_use_case,client_contacts_by_company,completed,10.0,25.0,60.0,3.0,5.42,,,0.0,22.41,15.458,16.244534,,,0.417536,POTENTIALLY_EFFECTIVE,[]
run_091,conv_aleksei_smirnov_01,aleksei_smirnov,,,completed,,,,3.0,8.96,,,0.0,22.91,,,,,,INSUFFICIENT_EVIDENCE,"[""economic_passport""]"
run_002,conv_aleksei_smirnov_02,aleksei_smirnov,known_use_case,client_contacts_by_company,completed,10.0,25.0,60.0,3.0,4.34,,,0.0,22.51,15.566,16.287872,,,0.413376,POTENTIALLY_EFFECTIVE,[]
run_020,conv_aleksei_smirnov_02,aleksei_smirnov,known_use_case,daily_email_digest,completed,25.0,45.0,90.0,3.0,4.180000000000001,,,0.0,23.15,33.582,35.265659,,,0.274311,POTENTIALLY_EFFECTIVE,[]
run_038,conv_aleksei_smirnov_02,aleksei_smirnov,known_use_case,client_contacts_by_company,completed,10.0,25.0,60.0,3.0,4.489999999999999,,,0.0,23.79,15.551,15.34195,,,0.416024,POTENTIALLY_EFFECTIVE,[]
run_056,conv_aleksei_smirnov_02,aleksei_smirnov,known_use_case,client_contacts_by_company,completed,10.0,25.0,60.0,3.0,4.71,,,0.0,24.48,15.529,14.858864,,,0.418008,POTENTIALLY_EFFECTIVE,[]
run_074,conv_aleksei_smirnov_02,aleksei_smirnov,known_use_case,client_contacts_by_company,completed,10.0,25.0,60.0,3.0,4.91,,,0.0,22.71,15.509,16.072875,,,0.415976,POTENTIALLY_EFFECTIVE,[]
run_092,conv_aleksei_smirnov_02,aleksei_smirnov,known_use_case,client_contacts_by_company,completed,10.0,25.0,60.0,3.0,4.67,,,0.0,23.21,15.533,15.730935,,,0.415816,POTENTIALLY_EFFECTIVE,[]
run_003,conv_aleksei_smirnov_03,aleksei_smirnov,known_use_case,daily_email_digest,completed,25.0,45.0,90.0,3.0,4.430000000000001,,,0.0,22.8,33.557,35.794956,,,0.274556,POTENTIALLY_EFFECTIVE,[]
run_021,conv_aleksei_smirnov_03,aleksei_smirnov,,,completed,,,,3.0,6.73,,,0.0,23.44,,,,,,INSUFFICIENT_EVIDENCE,"[""economic_passport""]"
run_039,conv_aleksei_smirnov_03,aleksei_smirnov,known_use_case,client_contacts_by_company,completed,10.0,25.0,60.0,3.0,4.6899999999999995,,,0.0,24.09,15.531,15.117684,,,0.417304,POTENTIALLY_EFFECTIVE,[]
run_057,conv_aleksei_smirnov_03,aleksei_smirnov,known_use_case,daily_email_digest,completed,25.0,45.0,90.0,3.0,3.9699999999999998,,,0.0,22.41,33.603,36.486613,,,0.273187,POTENTIALLY_EFFECTIVE,[]
run_075,conv_aleksei_smirnov_03,aleksei_smirnov,known_use_case,client_contacts_by_company,completed,10.0,25.0,60.0,3.0,5.41,,,0.0,23.0,15.459,15.803261,,,0.41844,POTENTIALLY_EFFECTIVE,[]
run_093,conv_aleksei_smirnov_03,aleksei_smirnov,known_use_case,client_contacts_by_company,completed,10.0,25.0,60.0,3.0,4.77,,,0.0,23.5,15.523,15.51383,,,0.41668,POTENTIALLY_EFFECTIVE,[]
run_004,conv_aleksei_smirnov_04,aleksei_smirnov,known_use_case,daily_email_digest,completed,25.0,45.0,90.0,3.0,4.7,,,0.0,23.1,33.53,35.287879,,,0.275422,POTENTIALLY_EFFECTIVE,[]
run_022,conv_aleksei_smirnov_04,aleksei_smirnov,known_use_case,client_contacts_by_company,completed,10.0,25.0,60.0,3.0,4.79,,,0.0,23.74,15.521,15.344777,,,0.417144,POTENTIALLY_EFFECTIVE,[]
run_040,conv_aleksei_smirnov_04,aleksei_smirnov,known_use_case,client_contacts_by_company,completed,10.0,25.0,60.0,3.0,5.11,,,0.0,24.38,15.489,14.882896,,,0.419448,POTENTIALLY_EFFECTIVE,[]
run_058,conv_aleksei_smirnov_04,aleksei_smirnov,known_use_case,client_contacts_by_company,completed,10.0,25.0,60.0,3.0,4.4,,,0.0,22.71,15.56,16.129018,,,0.413936,POTENTIALLY_EFFECTIVE,[]
run_076,conv_aleksei_smirnov_04,aleksei_smirnov,known_use_case,client_contacts_by_company,completed,10.0,25.0,60.0,3.0,5.17,,,0.0,23.31,15.483,15.605534,,,0.417976,POTENTIALLY_EFFECTIVE,[]
run_094,conv_aleksei_smirnov_04,aleksei_smirnov,known_use_case,client_contacts_by_company,completed,10.0,25.0,60.0,3.0,4.87,,,0.0,23.8,15.513,15.295168,,,0.41756,POTENTIALLY_EFFECTIVE,[]
run_005,conv_aleksei_smirnov_05,aleksei_smirnov,known_use_case,client_contacts_by_company,completed,10.0,25.0,60.0,3.0,4.45,,,0.0,23.4,15.555,15.61859,,,0.41524,POTENTIALLY_EFFECTIVE,[]
run_023,conv_aleksei_smirnov_05,aleksei_smirnov,known_use_case,client_contacts_by_company,completed,10.0,25.0,60.0,3.0,4.7,,,0.0,24.04,15.53,15.150166,,,0.417264,POTENTIALLY_EFFECTIVE,[]
run_041,conv_aleksei_smirnov_05,aleksei_smirnov,,,completed,,,,3.0,6.21,,,0.0,22.36,,,,,,INSUFFICIENT_EVIDENCE,"[""economic_passport""]"
run_059,conv_aleksei_smirnov_05,aleksei_smirnov,known_use_case,daily_email_digest,completed,25.0,45.0,90.0,3.0,4.05,,,0.0,23.0,33.595,35.516304,,,0.273889,POTENTIALLY_EFFECTIVE,[]
run_077,conv_aleksei_smirnov_05,aleksei_smirnov,known_use_case,client_contacts_by_company,completed,10.0,25.0,60.0,3.0,5.64,,,0.0,23.6,15.436,15.351695,,,0.42032,POTENTIALLY_EFFECTIVE,[]
run_095,conv_aleksei_smirnov_05,aleksei_smirnov,known_use_case,client_contacts_by_company,completed,10.0,25.0,60.0,3.0,4.989999999999999,,,0.0,24.1,15.501,15.079876,,,0.41852,POTENTIALLY_EFFECTIVE,[]
run_006,conv_aleksei_smirnov_06,aleksei_smirnov,known_use_case,daily_email_digest,completed,25.0,45.0,90.0,3.0,4.75,,,0.0,23.69,33.525,34.378852,,,0.276058,POTENTIALLY_EFFECTIVE,[]
run_024,conv_aleksei_smirnov_06,aleksei_smirnov,known_use_case,client_contacts_by_company,completed,10.0,25.0,60.0,3.0,4.8,,,0.0,24.33,15.52,14.94739,,,0.418128,POTENTIALLY_EFFECTIVE,[]
run_042,conv_aleksei_smirnov_06,aleksei_smirnov,known_use_case,client_contacts_by_company,completed,10.0,25.0,60.0,3.0,4.3,,,0.0,22.66,15.57,16.177846,,,0.413456,POTENTIALLY_EFFECTIVE,[]
run_060,conv_aleksei_smirnov_06,aleksei_smirnov,known_use_case,daily_email_digest,completed,25.0,45.0,90.0,3.0,4.180000000000001,,,0.0,23.3,33.582,35.032189,,,0.274444,POTENTIALLY_EFFECTIVE,[]
run_078,conv_aleksei_smirnov_06,aleksei_smirnov,known_use_case,client_contacts_by_company,completed,10.0,25.0,60.0,3.0,5.66,,,0.0,23.9,15.434,15.144351,,,0.42088,POTENTIALLY_EFFECTIVE,[]
run_096,conv_aleksei_smirnov_06,aleksei_smirnov,known_use_case,client_contacts_by_company,completed,10.0,25.0,60.0,3.0,4.92,,,0.0,24.39,15.508,14.895859,,,0.418704,POTENTIALLY_EFFECTIVE,[]
run_007,conv_aleksei_smirnov_07,aleksei_smirnov,known_use_case,client_contacts_by_company,completed,10.0,25.0,60.0,3.0,4.97,,,0.0,23.99,15.503,15.15569,,,0.418264,POTENTIALLY_EFFECTIVE,[]
run_025,conv_aleksei_smirnov_07,aleksei_smirnov,known_use_case,client_contacts_by_company,completed,10.0,25.0,60.0,3.0,4.64,,,0.0,22.26,15.536,16.448338,,,0.414176,POTENTIALLY_EFFECTIVE,[]
run_043,conv_aleksei_smirnov_07,aleksei_smirnov,known_use_case,daily_email_digest,completed,25.0,45.0,90.0,3.0,4.9399999999999995,,,0.0,22.95,33.506,35.498911,,,0.275822,POTENTIALLY_EFFECTIVE,[]
run_061,conv_aleksei_smirnov_07,aleksei_smirnov,known_use_case,client_contacts_by_company,completed,10.0,25.0,60.0,3.0,7.63,,,0.0,23.54,15.237,15.182031,,,0.428184,POTENTIALLY_EFFECTIVE,[]
run_079,conv_aleksei_smirnov_07,aleksei_smirnov,known_use_case,client_contacts_by_company,completed,10.0,25.0,60.0,3.0,6.069999999999999,,,0.0,24.19,15.393,14.908433,,,0.422984,POTENTIALLY_EFFECTIVE,[]
run_097,conv_aleksei_smirnov_07,aleksei_smirnov,known_use_case,client_contacts_by_company,completed,10.0,25.0,60.0,3.0,4.75,,,0.0,22.32,15.525,16.389113,,,0.414712,POTENTIALLY_EFFECTIVE,[]
run_008,conv_aleksei_smirnov_08,aleksei_smirnov,known_use_case,client_contacts_by_company,completed,10.0,25.0,60.0,3.0,4.430000000000001,,,0.0,24.28,15.557,15.018328,,,0.416568,POTENTIALLY_EFFECTIVE,[]
run_026,conv_aleksei_smirnov_08,aleksei_smirnov,known_use_case,client_contacts_by_company,completed,10.0,25.0,60.0,3.0,4.4399999999999995,,,0.0,22.56,15.556,16.238475,,,0.413856,POTENTIALLY_EFFECTIVE,[]
run_044,conv_aleksei_smirnov_08,aleksei_smirnov,known_use_case,daily_email_digest,completed,25.0,45.0,90.0,3.0,4.25,,,0.0,23.25,33.575,35.102151,,,0.274556,POTENTIALLY_EFFECTIVE,[]
run_062,conv_aleksei_smirnov_08,aleksei_smirnov,known_use_case,client_contacts_by_company,completed,10.0,25.0,60.0,3.0,5.180000000000001,,,0.0,23.84,15.482,15.235319,,,0.418864,POTENTIALLY_EFFECTIVE,[]
run_080,conv_aleksei_smirnov_08,aleksei_smirnov,known_use_case,client_contacts_by_company,completed,10.0,25.0,60.0,3.0,5.989999999999999,,,0.0,24.49,15.401,14.721723,,,0.423144,POTENTIALLY_EFFECTIVE,[]
run_098,conv_aleksei_smirnov_08,aleksei_smirnov,known_use_case,client_contacts_by_company,completed,10.0,25.0,60.0,3.0,4.45,,,0.0,22.62,15.555,16.191645,,,0.413992,POTENTIALLY_EFFECTIVE,[]
run_009,conv_aleksei_smirnov_09,aleksei_smirnov,known_use_case,daily_email_digest,completed,25.0,45.0,90.0,3.0,4.05,,,0.0,22.21,33.595,36.815173,,,0.273187,POTENTIALLY_EFFECTIVE,[]
run_027,conv_aleksei_smirnov_09,aleksei_smirnov,known_use_case,client_contacts_by_company,completed,10.0,25.0,60.0,3.0,4.1,,,0.0,22.85,15.59,16.056893,,,0.41296,POTENTIALLY_EFFECTIVE,[]
run_045,conv_aleksei_smirnov_09,aleksei_smirnov,known_use_case,client_contacts_by_company,completed,10.0,25.0,60.0,3.0,4.8,,,0.0,23.54,15.52,15.482583,,,0.416864,POTENTIALLY_EFFECTIVE,[]
run_063,conv_aleksei_smirnov_09,aleksei_smirnov,known_use_case,client_contacts_by_company,completed,10.0,25.0,60.0,3.0,5.45,,,0.0,24.13,15.455,15.012225,,,0.420408,POTENTIALLY_EFFECTIVE,[]
run_081,conv_aleksei_smirnov_09,aleksei_smirnov,,,completed,,,,3.0,8.0,,,0.0,22.27,,,,,,INSUFFICIENT_EVIDENCE,"[""economic_passport""]"
run_099,conv_aleksei_smirnov_09,aleksei_smirnov,known_use_case,client_contacts_by_company,completed,10.0,25.0,60.0,3.0,4.6,,,0.0,22.91,15.54,15.95766,,,0.415056,POTENTIALLY_EFFECTIVE,[]
run_010,conv_aleksei_smirnov_10,aleksei_smirnov,known_use_case,client_contacts_by_company,completed,10.0,25.0,60.0,3.0,4.569999999999999,,,0.0,22.56,15.543,16.224069,,,0.414376,POTENTIALLY_EFFECTIVE,[]
run_028,conv_aleksei_smirnov_10,aleksei_smirnov,known_use_case,client_contacts_by_company,completed,10.0,25.0,60.0,3.0,4.38,,,0.0,23.15,15.562,15.805616,,,0.41456,POTENTIALLY_EFFECTIVE,[]
run_046,conv_aleksei_smirnov_10,aleksei_smirnov,known_use_case,daily_email_digest,completed,25.0,45.0,90.0,3.0,4.29,,,0.0,23.84,33.571,34.204488,,,0.275169,POTENTIALLY_EFFECTIVE,[]
run_064,conv_aleksei_smirnov_10,aleksei_smirnov,known_use_case,client_contacts_by_company,completed,10.0,25.0,60.0,3.0,5.760000000000001,,,0.0,24.43,15.424,14.783872,,,0.422128,POTENTIALLY_EFFECTIVE,[]
run_082,conv_aleksei_smirnov_10,aleksei_smirnov,known_use_case,client_contacts_by_company,completed,10.0,25.0,60.0,3.0,4.58,,,0.0,22.57,15.542,16.21533,,,0.414432,POTENTIALLY_EFFECTIVE,[]
run_100,conv_aleksei_smirnov_10,aleksei_smirnov,known_use_case,client_contacts_by_company,completed,10.0,25.0,60.0,3.0,4.19,,,0.0,23.21,15.581,15.782637,,,0.413896,POTENTIALLY_EFFECTIVE,[]
run_011,conv_aleksei_smirnov_11,aleksei_smirnov,,,completed,,,,3.0,6.71,,,0.0,22.85,,,,,,INSUFFICIENT_EVIDENCE,"[""economic_passport""]"
run_029,conv_aleksei_smirnov_11,aleksei_smirnov,known_use_case,client_contacts_by_company,completed,10.0,25.0,60.0,3.0,4.489999999999999,,,0.0,23.44,15.551,15.585964,,,0.415464,POTENTIALLY_EFFECTIVE,[]
run_047,conv_aleksei_smirnov_11,aleksei_smirnov,known_use_case,client_contacts_by_company,completed,10.0,25.0,60.0,3.0,5.010000000000001,,,0.0,24.13,15.499,15.057812,,,0.418648,POTENTIALLY_EFFECTIVE,[]
run_065,conv_aleksei_smirnov_11,aleksei_smirnov,known_use_case,client_contacts_by_company,completed,10.0,25.0,60.0,3.0,5.36,,,0.0,22.36,15.464,16.289803,,,0.417216,POTENTIALLY_EFFECTIVE,[]
run_083,conv_aleksei_smirnov_11,aleksei_smirnov,known_use_case,client_contacts_by_company,completed,10.0,25.0,60.0,3.0,4.22,,,0.0,22.86,15.578,16.036308,,,0.413456,POTENTIALLY_EFFECTIVE,[]
run_101,conv_aleksei_smirnov_11,aleksei_smirnov,,,completed,,,,3.0,7.319999999999999,,,0.0,23.5,,,,,,INSUFFICIENT_EVIDENCE,"[""economic_passport""]"
run_012,conv_aleksei_smirnov_12,aleksei_smirnov,known_use_case,daily_email_digest,completed,25.0,45.0,90.0,3.0,4.16,,,0.0,23.15,33.584,35.267819,,,0.274267,POTENTIALLY_EFFECTIVE,[]
run_030,conv_aleksei_smirnov_12,aleksei_smirnov,known_use_case,client_contacts_by_company,completed,10.0,25.0,60.0,3.0,4.4399999999999995,,,0.0,23.79,15.556,15.347205,,,0.415824,POTENTIALLY_EFFECTIVE,[]
run_048,conv_aleksei_smirnov_12,aleksei_smirnov,known_use_case,client_contacts_by_company,completed,10.0,25.0,60.0,3.0,4.62,,,0.0,24.43,15.538,14.900532,,,0.417568,POTENTIALLY_EFFECTIVE,[]
run_066,conv_aleksei_smirnov_12,aleksei_smirnov,known_use_case,client_contacts_by_company,completed,10.0,25.0,60.0,3.0,4.86,,,0.0,22.66,15.514,16.116064,,,0.415696,POTENTIALLY_EFFECTIVE,[]
run_084,conv_aleksei_smirnov_12,aleksei_smirnov,known_use_case,client_contacts_by_company,completed,10.0,25.0,60.0,3.0,4.22,,,0.0,23.16,15.578,15.81563,,,0.413936,POTENTIALLY_EFFECTIVE,[]
run_102,conv_aleksei_smirnov_12,aleksei_smirnov,,,completed,,,,3.0,3.39,,,0.0,23.8,,,,,,INSUFFICIENT_EVIDENCE,"[""economic_passport""]"
run_013,conv_aleksei_smirnov_13,aleksei_smirnov,known_use_case,client_contacts_by_company,completed,10.0,25.0,60.0,3.0,4.8100000000000005,,,0.0,23.44,15.519,15.551834,,,0.416744,POTENTIALLY_EFFECTIVE,[]
run_031,conv_aleksei_smirnov_13,aleksei_smirnov,known_use_case,project_team_vendor_owner,completed,20.0,40.0,90.0,3.0,6.86,,,0.0,24.09,28.314,28.383562,,,0.31624,POTENTIALLY_EFFECTIVE,[]
run_049,conv_aleksei_smirnov_13,aleksei_smirnov,known_use_case,daily_email_digest,completed,25.0,45.0,90.0,3.0,4.79,,,0.0,22.36,33.521,36.478757,,,0.274964,POTENTIALLY_EFFECTIVE,[]
run_067,conv_aleksei_smirnov_13,aleksei_smirnov,known_use_case,client_contacts_by_company,completed,10.0,25.0,60.0,3.0,5.65,,,0.0,22.95,15.435,15.813725,,,0.41932,POTENTIALLY_EFFECTIVE,[]
run_085,conv_aleksei_smirnov_13,aleksei_smirnov,known_use_case,client_contacts_by_company,completed,10.0,25.0,60.0,3.0,4.73,,,0.0,23.45,15.527,15.553305,,,0.41644,POTENTIALLY_EFFECTIVE,[]
run_103,conv_aleksei_smirnov_13,aleksei_smirnov,,,completed,,,,3.0,4.25,,,0.0,24.1,,,,,,INSUFFICIENT_EVIDENCE,"[""economic_passport""]"
run_014,conv_aleksei_smirnov_14,aleksei_smirnov,known_use_case,daily_email_digest,completed,25.0,45.0,90.0,3.0,4.71,,,0.0,23.74,33.529,34.308551,,,0.276013,POTENTIALLY_EFFECTIVE,[]
run_032,conv_aleksei_smirnov_14,aleksei_smirnov,known_use_case,client_contacts_by_company,completed,10.0,25.0,60.0,3.0,4.8100000000000005,,,0.0,24.38,15.519,14.913659,,,0.418248,POTENTIALLY_EFFECTIVE,[]
run_050,conv_aleksei_smirnov_14,aleksei_smirnov,known_use_case,client_contacts_by_company,completed,10.0,25.0,60.0,3.0,4.45,,,0.0,22.71,15.555,16.123514,,,0.414136,POTENTIALLY_EFFECTIVE,[]
run_068,conv_aleksei_smirnov_14,aleksei_smirnov,known_use_case,client_contacts_by_company,completed,10.0,25.0,60.0,3.0,5.38,,,0.0,23.25,15.462,15.625806,,,0.41872,POTENTIALLY_EFFECTIVE,[]
run_086,conv_aleksei_smirnov_14,aleksei_smirnov,known_use_case,client_contacts_by_company,completed,10.0,25.0,60.0,3.0,4.680000000000001,,,0.0,23.75,15.532,15.349474,,,0.41672,POTENTIALLY_EFFECTIVE,[]
run_104,conv_aleksei_smirnov_14,aleksei_smirnov,cluster,ef929cde84c69d4c87c1ede855119db14b99ad87292aacce89b42317c2c08739,completed,,,,3.0,3.67,,,0.0,24.39,,,,,,INSUFFICIENT_EVIDENCE,"[""economic_passport""]"
run_015,conv_aleksei_smirnov_15,aleksei_smirnov,known_use_case,client_contacts_by_company,completed,10.0,25.0,60.0,3.0,4.58,,,0.0,24.04,15.542,15.162646,,,0.416784,POTENTIALLY_EFFECTIVE,[]
run_033,conv_aleksei_smirnov_15,aleksei_smirnov,known_use_case,client_contacts_by_company,completed,10.0,25.0,60.0,3.0,4.55,,,0.0,22.31,15.545,16.419319,,,0.413896,POTENTIALLY_EFFECTIVE,[]
run_051,conv_aleksei_smirnov_15,aleksei_smirnov,,,completed,,,,3.0,6.59,,,0.0,23.0,,,,,,INSUFFICIENT_EVIDENCE,"[""economic_passport""]"
run_069,conv_aleksei_smirnov_15,aleksei_smirnov,known_use_case,client_contacts_by_company,completed,10.0,25.0,60.0,3.0,5.430000000000001,,,0.0,23.54,15.457,15.415675,,,0.419384,POTENTIALLY_EFFECTIVE,[]
run_087,conv_aleksei_smirnov_15,aleksei_smirnov,known_use_case,client_contacts_by_company,completed,10.0,25.0,60.0,3.0,4.89,,,0.0,24.05,15.511,15.123701,,,0.41804,POTENTIALLY_EFFECTIVE,[]
run_105,conv_aleksei_smirnov_15,aleksei_smirnov,cluster,4bbf2f178daa76f45e11271209212ce17c4a11d3e0ad99c59fa6fee7e844031f,completed,,,,3.0,3.45,,,0.0,22.32,,,,,,INSUFFICIENT_EVIDENCE,"[""economic_passport""]"
run_016,conv_aleksei_smirnov_16,aleksei_smirnov,known_use_case,client_contacts_by_company,completed,10.0,25.0,60.0,3.0,4.930000000000001,,,0.0,24.33,15.507,14.934032,,,0.418648,POTENTIALLY_EFFECTIVE,[]
run_034,conv_aleksei_smirnov_16,aleksei_smirnov,known_use_case,client_contacts_by_company,completed,10.0,25.0,60.0,3.0,4.19,,,0.0,22.61,15.581,16.227996,,,0.412936,POTENTIALLY_EFFECTIVE,[]
run_052,conv_aleksei_smirnov_16,aleksei_smirnov,known_use_case,daily_email_digest,completed,25.0,45.0,90.0,3.0,4.55,,,0.0,23.3,33.545,34.992489,,,0.275267,POTENTIALLY_EFFECTIVE,[]
run_070,conv_aleksei_smirnov_16,aleksei_smirnov,known_use_case,client_contacts_by_company,completed,10.0,25.0,60.0,3.0,5.66,,,0.0,23.89,15.434,15.151109,,,0.420864,POTENTIALLY_EFFECTIVE,[]
run_088,conv_aleksei_smirnov_16,aleksei_smirnov,known_use_case,client_contacts_by_company,completed,10.0,25.0,60.0,3.0,5.11,,,0.0,24.34,15.489,14.908998,,,0.419384,POTENTIALLY_EFFECTIVE,[]
run_106,conv_aleksei_smirnov_16,aleksei_smirnov,cluster,4bbf2f178daa76f45e11271209212ce17c4a11d3e0ad99c59fa6fee7e844031f,completed,,,,3.0,3.4699999999999998,,,0.0,22.62,,,,,,INSUFFICIENT_EVIDENCE,"[""economic_passport""]"
run_017,conv_aleksei_smirnov_17,aleksei_smirnov,known_use_case,daily_email_digest,completed,25.0,45.0,90.0,3.0,3.8800000000000003,,,0.0,22.26,33.612,36.749326,,,0.272853,POTENTIALLY_EFFECTIVE,[]
run_035,conv_aleksei_smirnov_17,aleksei_smirnov,known_use_case,client_contacts_by_company,completed,10.0,25.0,60.0,3.0,4.64,,,0.0,22.9,15.536,15.960699,,,0.4152,POTENTIALLY_EFFECTIVE,[]
run_053,conv_aleksei_smirnov_17,aleksei_smirnov,known_use_case,client_contacts_by_company,completed,10.0,25.0,60.0,3.0,4.5600000000000005,,,0.0,23.59,15.544,15.473082,,,0.415984,POTENTIALLY_EFFECTIVE,[]
run_071,conv_aleksei_smirnov_17,aleksei_smirnov,known_use_case,project_team_vendor_owner,completed,20.0,40.0,90.0,3.0,7.760000000000001,,,0.0,24.18,28.224,28.181141,,,0.31858,POTENTIALLY_EFFECTIVE,[]
run_089,conv_aleksei_smirnov_17,aleksei_smirnov,known_use_case,client_contacts_by_company,completed,10.0,25.0,60.0,3.0,4.35,,,0.0,22.27,15.565,16.473058,,,0.413032,POTENTIALLY_EFFECTIVE,[]
run_018,conv_aleksei_smirnov_18,aleksei_smirnov,known_use_case,client_contacts_by_company,completed,10.0,25.0,60.0,3.0,4.5,,,0.0,22.56,15.55,16.231826,,,0.414096,POTENTIALLY_EFFECTIVE,[]
run_036,conv_aleksei_smirnov_18,aleksei_smirnov,known_use_case,client_contacts_by_company,completed,10.0,25.0,60.0,3.0,4.6899999999999995,,,0.0,23.2,15.531,15.735991,,,0.41588,POTENTIALLY_EFFECTIVE,[]
run_054,conv_aleksei_smirnov_18,aleksei_smirnov,known_use_case,daily_email_digest,completed,25.0,45.0,90.0,3.0,4.86,,,0.0,23.89,33.514,34.071159,,,0.27648,POTENTIALLY_EFFECTIVE,[]
run_072,conv_aleksei_smirnov_18,aleksei_smirnov,known_use_case,client_contacts_by_company,completed,10.0,25.0,60.0,3.0,5.86,,,0.0,24.48,15.414,14.741422,,,0.422608,POTENTIALLY_EFFECTIVE,[]
run_090,conv_aleksei_smirnov_18,aleksei_smirnov,known_use_case,client_contacts_by_company,completed,10.0,25.0,60.0,3.0,3.98,,,0.0,22.62,15.602,16.24359,,,0.412112,POTENTIALLY_EFFECTIVE,[]
run_595,conv_anna_novikova_01,anna_novikova,known_use_case,isup_ticket_create_edit,completed,12.0,25.0,60.0,3.0,9.889999999999999,,,0.0,144.12,13.011,1.256973,,,0.710152,POTENTIALLY_EFFECTIVE,[]
run_621,conv_anna_novikova_01,anna_novikova,cluster,c90ec9ce68439e55749888b6ed6b64c63218a74e404af29861e3f2f0eb1aaccb,completed,,,,3.0,8.81,,,0.0,153.08,,,,,,INSUFFICIENT_EVIDENCE,"[""economic_passport""]"
run_627,conv_anna_novikova_01,anna_novikova,cluster,7a2b6d9f700861d1fdcd5a1177d121edc2772afdaab4cfec819fbc23069efc29,completed,25.0,50.0,100.0,3.0,10.45,,,0.0,153.13,34.164,4.577614,,,0.439224,POTENTIALLY_EFFECTIVE,[]
run_633,conv_anna_novikova_01,anna_novikova,cluster,7a2b6d9f700861d1fdcd5a1177d121edc2772afdaab4cfec819fbc23069efc29,completed,25.0,50.0,100.0,3.0,9.370000000000001,,,0.0,113.94,34.2504,6.515008,,,0.406144,POTENTIALLY_EFFECTIVE,[]
run_639,conv_anna_novikova_01,anna_novikova,cluster,c90ec9ce68439e55749888b6ed6b64c63218a74e404af29861e3f2f0eb1aaccb,completed,,,,3.0,8.729999999999999,,,0.0,129.6,,,,,,INSUFFICIENT_EVIDENCE,"[""economic_passport""]"
run_645,conv_anna_novikova_01,anna_novikova,cluster,c90ec9ce68439e55749888b6ed6b64c63218a74e404af29861e3f2f0eb1aaccb,completed,,,,3.0,7.6,,,0.0,132.94,,,,,,INSUFFICIENT_EVIDENCE,"[""economic_passport""]"
run_596,conv_anna_novikova_02,anna_novikova,known_use_case,isup_ticket_create_edit,completed,12.0,25.0,60.0,3.0,8.629999999999999,,,0.0,144.42,13.137,1.274096,,,0.705592,POTENTIALLY_EFFECTIVE,[]
run_622,conv_anna_novikova_02,anna_novikova,cluster,7a2b6d9f700861d1fdcd5a1177d121edc2772afdaab4cfec819fbc23069efc29,completed,25.0,50.0,100.0,3.0,10.24,,,0.0,151.66,34.1808,4.634445,,,0.437712,POTENTIALLY_EFFECTIVE,[]
run_628,conv_anna_novikova_02,anna_novikova,cluster,7a2b6d9f700861d1fdcd5a1177d121edc2772afdaab4cfec819fbc23069efc29,completed,25.0,50.0,100.0,3.0,10.75,,,0.0,139.0,34.14,5.140288,,,0.4284,POTENTIALLY_EFFECTIVE,[]
run_634,conv_anna_novikova_02,anna_novikova,cluster,7a2b6d9f700861d1fdcd5a1177d121edc2772afdaab4cfec819fbc23069efc29,completed,25.0,50.0,100.0,3.0,8.620000000000001,,,0.0,128.12,34.3104,5.694973,,,0.416288,POTENTIALLY_EFFECTIVE,[]
run_640,conv_anna_novikova_02,anna_novikova,cluster,7a2b6d9f700861d1fdcd5a1177d121edc2772afdaab4cfec819fbc23069efc29,completed,25.0,50.0,100.0,3.0,9.09,,,0.0,132.16,34.2728,5.483202,,,0.420272,POTENTIALLY_EFFECTIVE,[]
run_646,conv_anna_novikova_02,anna_novikova,cluster,3b720529fe577dee894a0088d85851ba19021a9bc72ea14028142fac3cf0ac3f,completed,,,,3.0,8.31,,,0.0,133.3,,,,,,INSUFFICIENT_EVIDENCE,"[""economic_passport""]"
run_597,conv_anna_novikova_03,anna_novikova,known_use_case,isup_project_status_monitoring,completed,15.0,30.0,75.0,3.0,7.89,,,0.0,142.99,18.211,2.183964,,,0.58362,POTENTIALLY_EFFECTIVE,[]
run_623,conv_anna_novikova_03,anna_novikova,cluster,7a2b6d9f700861d1fdcd5a1177d121edc2772afdaab4cfec819fbc23069efc29,completed,25.0,50.0,100.0,3.0,10.5,,,0.0,137.52,34.16,5.210006,,,0.426816,POTENTIALLY_EFFECTIVE,[]
run_629,conv_anna_novikova_03,anna_novikova,,,completed,,,,3.0,9.18,,,0.0,153.18,,,,,,INSUFFICIENT_EVIDENCE,"[""economic_passport""]"
run_635,conv_anna_novikova_03,anna_novikova,cluster,7a2b6d9f700861d1fdcd5a1177d121edc2772afdaab4cfec819fbc23069efc29,completed,25.0,50.0,100.0,3.0,9.07,,,0.0,130.68,34.2744,5.556933,,,0.419056,POTENTIALLY_EFFECTIVE,[]
run_641,conv_anna_novikova_03,anna_novikova,cluster,c90ec9ce68439e55749888b6ed6b64c63218a74e404af29861e3f2f0eb1aaccb,completed,,,,3.0,8.09,,,0.0,132.06,,,,,,INSUFFICIENT_EVIDENCE,"[""economic_passport""]"
run_647,conv_anna_novikova_03,anna_novikova,cluster,3b720529fe577dee894a0088d85851ba19021a9bc72ea14028142fac3cf0ac3f,completed,,,,3.0,7.13,,,0.0,132.12,,,,,,INSUFFICIENT_EVIDENCE,"[""economic_passport""]"
run_598,conv_anna_novikova_04,anna_novikova,known_use_case,isup_project_status_monitoring,completed,15.0,30.0,75.0,3.0,10.46,,,0.0,128.86,17.954,2.483238,,,0.573347,POTENTIALLY_EFFECTIVE,[]
run_624,conv_anna_novikova_04,anna_novikova,cluster,7a2b6d9f700861d1fdcd5a1177d121edc2772afdaab4cfec819fbc23069efc29,completed,25.0,50.0,100.0,3.0,9.75,,,0.0,151.7,34.22,4.63942,,,0.43696,POTENTIALLY_EFFECTIVE,[]
run_630,conv_anna_novikova_04,anna_novikova,cluster,7a2b6d9f700861d1fdcd5a1177d121edc2772afdaab4cfec819fbc23069efc29,completed,25.0,50.0,100.0,3.0,9.129999999999999,,,0.0,155.79,34.2696,4.499326,,,0.43924,POTENTIALLY_EFFECTIVE,[]
run_636,conv_anna_novikova_04,anna_novikova,cluster,7a2b6d9f700861d1fdcd5a1177d121edc2772afdaab4cfec819fbc23069efc29,completed,25.0,50.0,100.0,3.0,7.09,,,0.0,130.97,34.4328,5.57265,,,0.41612,POTENTIALLY_EFFECTIVE,[]
run_642,conv_anna_novikova_04,anna_novikova,cluster,3b720529fe577dee894a0088d85851ba19021a9bc72ea14028142fac3cf0ac3f,completed,,,,3.0,9.639999999999999,,,0.0,130.63,,,,,,INSUFFICIENT_EVIDENCE,"[""economic_passport""]"
run_648,conv_anna_novikova_04,anna_novikova,cluster,3b720529fe577dee894a0088d85851ba19021a9bc72ea14028142fac3cf0ac3f,completed,,,,3.0,7.08,,,0.0,117.98,,,,,,INSUFFICIENT_EVIDENCE,"[""economic_passport""]"
run_599,conv_anna_novikova_05,anna_novikova,known_use_case,isup_ticket_create_edit,completed,12.0,25.0,60.0,3.0,10.29,,,0.0,143.04,12.971,1.267023,,,0.710024,POTENTIALLY_EFFECTIVE,[]
run_625,conv_anna_novikova_05,anna_novikova,cluster,c90ec9ce68439e55749888b6ed6b64c63218a74e404af29861e3f2f0eb1aaccb,completed,,,,3.0,8.83,,,0.0,153.97,,,,,,INSUFFICIENT_EVIDENCE,"[""economic_passport""]"
run_631,conv_anna_novikova_05,anna_novikova,cluster,c90ec9ce68439e55749888b6ed6b64c63218a74e404af29861e3f2f0eb1aaccb,completed,,,,3.0,10.16,,,0.0,129.2,,,,,,INSUFFICIENT_EVIDENCE,"[""economic_passport""]"
run_637,conv_anna_novikova_05,anna_novikova,cluster,7a2b6d9f700861d1fdcd5a1177d121edc2772afdaab4cfec819fbc23069efc29,completed,25.0,50.0,100.0,3.0,9.65,,,0.0,129.25,34.228,5.620503,,,0.41884,POTENTIALLY_EFFECTIVE,[]
run_643,conv_anna_novikova_05,anna_novikova,cluster,3b720529fe577dee894a0088d85851ba19021a9bc72ea14028142fac3cf0ac3f,completed,,,,3.0,9.69,,,0.0,116.5,,,,,,INSUFFICIENT_EVIDENCE,"[""economic_passport""]"
run_649,conv_anna_novikova_05,anna_novikova,cluster,3b720529fe577dee894a0088d85851ba19021a9bc72ea14028142fac3cf0ac3f,completed,,,,3.0,9.19,,,0.0,132.17,,,,,,INSUFFICIENT_EVIDENCE,"[""economic_passport""]"
run_600,conv_anna_novikova_06,anna_novikova,known_use_case,isup_ticket_create_edit,completed,12.0,25.0,60.0,3.0,9.34,,,0.0,145.6,13.066,1.243475,,,0.71032,POTENTIALLY_EFFECTIVE,[]
run_626,conv_anna_novikova_06,anna_novikova,cluster,7a2b6d9f700861d1fdcd5a1177d121edc2772afdaab4cfec819fbc23069efc29,completed,25.0,50.0,100.0,3.0,9.92,,,0.0,154.31,34.2064,4.541831,,,0.43932,POTENTIALLY_EFFECTIVE,[]
run_632,conv_anna_novikova_06,anna_novikova,cluster,7a2b6d9f700861d1fdcd5a1177d121edc2772afdaab4cfec819fbc23069efc29,completed,25.0,50.0,100.0,3.0,6.88,,,0.0,127.82,34.4496,5.737913,,,0.413264,POTENTIALLY_EFFECTIVE,[]
run_638,conv_anna_novikova_06,anna_novikova,cluster,7a2b6d9f700861d1fdcd5a1177d121edc2772afdaab4cfec819fbc23069efc29,completed,25.0,50.0,100.0,3.0,9.2,,,0.0,115.17,34.264,6.437701,,,0.406856,POTENTIALLY_EFFECTIVE,[]
run_644,conv_anna_novikova_06,anna_novikova,cluster,3b720529fe577dee894a0088d85851ba19021a9bc72ea14028142fac3cf0ac3f,completed,,,,3.0,7.930000000000001,,,0.0,130.68,,,,,,INSUFFICIENT_EVIDENCE,"[""economic_passport""]"
run_650,conv_anna_novikova_06,anna_novikova,cluster,3b720529fe577dee894a0088d85851ba19021a9bc72ea14028142fac3cf0ac3f,completed,,,,3.0,8.4,,,0.0,134.78,,,,,,INSUFFICIENT_EVIDENCE,"[""economic_passport""]"
run_783,conv_boris_maksimov_01,boris_maksimov,cluster,ef929cde84c69d4c87c1ede855119db14b99ad87292aacce89b42317c2c08739,partial,,,,3.0,25.720000000000002,,,0.0,1827.49,,,,,,INSUFFICIENT_EVIDENCE,"[""economic_passport""]"
run_785,conv_boris_maksimov_01,boris_maksimov,,,cancelled,,,,3.0,12.31,,,0.0,1844.48,,,,,,INSUFFICIENT_EVIDENCE,"[""economic_passport""]"
run_787,conv_boris_maksimov_01,boris_maksimov,,,cancelled,,,,3.0,12.639999999999999,,,0.0,1844.04,,,,,,INSUFFICIENT_EVIDENCE,"[""economic_passport""]"
run_789,conv_boris_maksimov_01,boris_maksimov,,,cancelled,,,,3.0,12.79,,,0.0,1844.04,,,,,,INSUFFICIENT_EVIDENCE,"[""economic_passport""]"
run_784,conv_boris_maksimov_02,boris_maksimov,cluster,c90ec9ce68439e55749888b6ed6b64c63218a74e404af29861e3f2f0eb1aaccb,partial,,,,3.0,19.790000000000003,,,0.0,1841.92,,,,,,INSUFFICIENT_EVIDENCE,"[""economic_passport""]"
run_786,conv_boris_maksimov_02,boris_maksimov,,,cancelled,,,,3.0,12.3,,,0.0,1845.86,,,,,,INSUFFICIENT_EVIDENCE,"[""economic_passport""]"
run_788,conv_boris_maksimov_02,boris_maksimov,known_use_case,task_completion_approval,cancelled,15.0,30.0,90.0,3.0,11.22,,,0.0,1829.81,14.439,-0.802725,,,2.958447,POTENTIALLY_INEFFECTIVE,[]
run_790,conv_boris_maksimov_02,boris_maksimov,,,cancelled,,,,3.0,14.78,,,0.0,1846.61,,,,,,INSUFFICIENT_EVIDENCE,"[""economic_passport""]"
run_201,conv_dmitry_ivanov_01,dmitry_ivanov,,,completed,,,,3.0,5.88,,,0.0,43.69,,,,,,INSUFFICIENT_EVIDENCE,"[""economic_passport""]"
run_215,conv_dmitry_ivanov_01,dmitry_ivanov,,,completed,,,,3.0,5.0600000000000005,,,0.0,39.11,,,,,,INSUFFICIENT_EVIDENCE,"[""economic_passport""]"
run_229,conv_dmitry_ivanov_01,dmitry_ivanov,,,completed,,,,3.0,6.319999999999999,,,0.0,40.44,,,,,,INSUFFICIENT_EVIDENCE,"[""economic_passport""]"
run_243,conv_dmitry_ivanov_01,dmitry_ivanov,,,completed,,,,3.0,5.48,,,0.0,38.23,,,,,,INSUFFICIENT_EVIDENCE,"[""economic_passport""]"
run_257,conv_dmitry_ivanov_01,dmitry_ivanov,,,completed,,,,3.0,5.53,,,0.0,40.7,,,,,,INSUFFICIENT_EVIDENCE,"[""economic_passport""]"
run_271,conv_dmitry_ivanov_01,dmitry_ivanov,category,projects_tasks,completed,,,,3.0,7.010000000000001,,,0.0,37.69,,,,,,INSUFFICIENT_EVIDENCE,"[""economic_passport""]"
run_202,conv_dmitry_ivanov_02,dmitry_ivanov,,,completed,,,,3.0,5.489999999999999,,,0.0,42.26,,,,,,INSUFFICIENT_EVIDENCE,"[""economic_passport""]"
run_216,conv_dmitry_ivanov_02,dmitry_ivanov,,,completed,,,,3.0,5.5600000000000005,,,0.0,39.31,,,,,,INSUFFICIENT_EVIDENCE,"[""economic_passport""]"
run_230,conv_dmitry_ivanov_02,dmitry_ivanov,,,completed,,,,3.0,5.1899999999999995,,,0.0,43.05,,,,,,INSUFFICIENT_EVIDENCE,"[""economic_passport""]"
run_244,conv_dmitry_ivanov_02,dmitry_ivanov,,,completed,,,,3.0,5.35,,,0.0,36.21,,,,,,INSUFFICIENT_EVIDENCE,"[""economic_passport""]"
run_258,conv_dmitry_ivanov_02,dmitry_ivanov,,,completed,,,,3.0,5.42,,,0.0,42.71,,,,,,INSUFFICIENT_EVIDENCE,"[""economic_passport""]"
run_272,conv_dmitry_ivanov_02,dmitry_ivanov,known_use_case,manager_employee_observations,completed,12.0,25.0,50.0,3.0,3.58,,,0.0,36.26,13.821,8.529095,,,0.505176,POTENTIALLY_EFFECTIVE,[]
run_203,conv_dmitry_ivanov_03,dmitry_ivanov,,,completed,,,,3.0,5.21,,,0.0,44.28,,,,,,INSUFFICIENT_EVIDENCE,"[""economic_passport""]"
run_217,conv_dmitry_ivanov_03,dmitry_ivanov,,,completed,,,,3.0,5.39,,,0.0,37.88,,,,,,INSUFFICIENT_EVIDENCE,"[""economic_passport""]"
run_231,conv_dmitry_ivanov_03,dmitry_ivanov,,,completed,,,,3.0,6.92,,,0.0,43.35,,,,,,INSUFFICIENT_EVIDENCE,"[""economic_passport""]"
run_245,conv_dmitry_ivanov_03,dmitry_ivanov,,,completed,,,,3.0,5.28,,,0.0,38.82,,,,,,INSUFFICIENT_EVIDENCE,"[""economic_passport""]"
run_259,conv_dmitry_ivanov_03,dmitry_ivanov,,,completed,,,,3.0,6.47,,,0.0,40.7,,,,,,INSUFFICIENT_EVIDENCE,"[""economic_passport""]"
run_273,conv_dmitry_ivanov_03,dmitry_ivanov,,,completed,,,,3.0,3.7,,,0.0,38.28,,,,,,INSUFFICIENT_EVIDENCE,"[""economic_passport""]"
run_204,conv_dmitry_ivanov_04,dmitry_ivanov,,,completed,,,,3.0,6.28,,,0.0,42.31,,,,,,INSUFFICIENT_EVIDENCE,"[""economic_passport""]"
run_218,conv_dmitry_ivanov_04,dmitry_ivanov,,,completed,,,,3.0,5.569999999999999,,,0.0,39.9,,,,,,INSUFFICIENT_EVIDENCE,"[""economic_passport""]"
run_232,conv_dmitry_ivanov_04,dmitry_ivanov,,,completed,,,,3.0,6.04,,,0.0,41.93,,,,,,INSUFFICIENT_EVIDENCE,"[""economic_passport""]"
run_246,conv_dmitry_ivanov_04,dmitry_ivanov,,,completed,,,,3.0,4.739999999999999,,,0.0,39.12,,,,,,INSUFFICIENT_EVIDENCE,"[""economic_passport""]"
run_260,conv_dmitry_ivanov_04,dmitry_ivanov,,,completed,,,,3.0,5.9,,,0.0,43.31,,,,,,INSUFFICIENT_EVIDENCE,"[""economic_passport""]"
run_274,conv_dmitry_ivanov_04,dmitry_ivanov,cluster,9f9c6677e88abd39f165f84911bc138adccbe18c432bc050f292428c9a053184,completed,,,,3.0,3.81,,,0.0,36.31,,,,,,INSUFFICIENT_EVIDENCE,"[""economic_passport""]"
run_205,conv_dmitry_ivanov_05,dmitry_ivanov,,,completed,,,,3.0,5.79,,,0.0,44.97,,,,,,INSUFFICIENT_EVIDENCE,"[""economic_passport""]"
run_219,conv_dmitry_ivanov_05,dmitry_ivanov,,,completed,,,,3.0,5.75,,,0.0,37.93,,,,,,INSUFFICIENT_EVIDENCE,"[""economic_passport""]"
run_233,conv_dmitry_ivanov_05,dmitry_ivanov,,,completed,,,,3.0,6.04,,,0.0,43.95,,,,,,INSUFFICIENT_EVIDENCE,"[""economic_passport""]"
run_247,conv_dmitry_ivanov_05,dmitry_ivanov,,,completed,,,,3.0,6.15,,,0.0,37.69,,,,,,INSUFFICIENT_EVIDENCE,"[""economic_passport""]"
run_261,conv_dmitry_ivanov_05,dmitry_ivanov,category,projects_tasks,completed,,,,3.0,6.29,,,0.0,43.55,,,,,,INSUFFICIENT_EVIDENCE,"[""economic_passport""]"
run_275,conv_dmitry_ivanov_05,dmitry_ivanov,,,completed,,,,3.0,3.69,,,0.0,38.87,,,,,,INSUFFICIENT_EVIDENCE,"[""economic_passport""]"
run_206,conv_dmitry_ivanov_06,dmitry_ivanov,,,completed,,,,3.0,5.59,,,0.0,45.17,,,,,,INSUFFICIENT_EVIDENCE,"[""economic_passport""]"
run_220,conv_dmitry_ivanov_06,dmitry_ivanov,,,completed,,,,3.0,5.17,,,0.0,40.59,,,,,,INSUFFICIENT_EVIDENCE,"[""economic_passport""]"
run_234,conv_dmitry_ivanov_06,dmitry_ivanov,,,completed,,,,3.0,6.489999999999999,,,0.0,41.98,,,,,,INSUFFICIENT_EVIDENCE,"[""economic_passport""]"
run_248,conv_dmitry_ivanov_06,dmitry_ivanov,,,completed,,,,3.0,5.53,,,0.0,39.71,,,,,,INSUFFICIENT_EVIDENCE,"[""economic_passport""]"
run_262,conv_dmitry_ivanov_06,dmitry_ivanov,known_use_case,manager_employee_observations,completed,12.0,25.0,50.0,3.0,5.239999999999999,,,0.0,42.12,13.738,7.154084,,,0.517872,POTENTIALLY_EFFECTIVE,[]
run_276,conv_dmitry_ivanov_06,dmitry_ivanov,,,completed,,,,3.0,4.26,,,0.0,39.17,,,,,,INSUFFICIENT_EVIDENCE,"[""economic_passport""]"
run_207,conv_dmitry_ivanov_07,dmitry_ivanov,,,completed,,,,3.0,5.37,,,0.0,43.74,,,,,,INSUFFICIENT_EVIDENCE,"[""economic_passport""]"
run_221,conv_dmitry_ivanov_07,dmitry_ivanov,,,completed,,,,3.0,5.989999999999999,,,0.0,40.34,,,,,,INSUFFICIENT_EVIDENCE,"[""economic_passport""]"
run_235,conv_dmitry_ivanov_07,dmitry_ivanov,,,completed,,,,3.0,5.86,,,0.0,44.54,,,,,,INSUFFICIENT_EVIDENCE,"[""economic_passport""]"
run_249,conv_dmitry_ivanov_07,dmitry_ivanov,,,completed,,,,3.0,5.13,,,0.0,37.69,,,,,,INSUFFICIENT_EVIDENCE,"[""economic_passport""]"
run_263,conv_dmitry_ivanov_07,dmitry_ivanov,cluster,f38fc4e18f4a2f3113e1b4e0b5a1854082a33ad1a13ff523a3580453026ec9af,completed,,,,3.0,5.62,,,0.0,44.14,,,,,,INSUFFICIENT_EVIDENCE,"[""economic_passport""]"
run_277,conv_dmitry_ivanov_07,dmitry_ivanov,known_use_case,manager_employee_observations,completed,12.0,25.0,50.0,3.0,4.45,,,0.0,37.74,13.7775,8.12659,,,0.509284,POTENTIALLY_EFFECTIVE,[]
run_208,conv_dmitry_ivanov_08,dmitry_ivanov,,,completed,,,,3.0,6.61,,,0.0,45.76,,,,,,INSUFFICIENT_EVIDENCE,"[""economic_passport""]"
run_222,conv_dmitry_ivanov_08,dmitry_ivanov,,,completed,,,,3.0,5.11,,,0.0,38.91,,,,,,INSUFFICIENT_EVIDENCE,"[""economic_passport""]"
run_236,conv_dmitry_ivanov_08,dmitry_ivanov,,,completed,,,,3.0,6.3,,,0.0,44.83,,,,,,INSUFFICIENT_EVIDENCE,"[""economic_passport""]"
run_250,conv_dmitry_ivanov_08,dmitry_ivanov,,,completed,,,,3.0,5.11,,,0.0,40.35,,,,,,INSUFFICIENT_EVIDENCE,"[""economic_passport""]"
run_264,conv_dmitry_ivanov_08,dmitry_ivanov,cluster,a7ad6e3232a0a362e7ca477c1870dcc0367b938f5cd95029b63d339f022a6948,completed,,,,3.0,5.3,,,0.0,42.17,,,,,,INSUFFICIENT_EVIDENCE,"[""economic_passport""]"
run_278,conv_dmitry_ivanov_08,dmitry_ivanov,cluster,9f9c6677e88abd39f165f84911bc138adccbe18c432bc050f292428c9a053184,completed,,,,3.0,3.75,,,0.0,39.76,,,,,,INSUFFICIENT_EVIDENCE,"[""economic_passport""]"
run_209,conv_dmitry_ivanov_09,dmitry_ivanov,,,completed,,,,3.0,6.260000000000001,,,0.0,43.79,,,,,,INSUFFICIENT_EVIDENCE,"[""economic_passport""]"
run_223,conv_dmitry_ivanov_09,dmitry_ivanov,,,completed,,,,3.0,5.22,,,0.0,40.93,,,,,,INSUFFICIENT_EVIDENCE,"[""economic_passport""]"
run_237,conv_dmitry_ivanov_09,dmitry_ivanov,,,completed,,,,3.0,6.48,,,0.0,43.4,,,,,,INSUFFICIENT_EVIDENCE,"[""economic_passport""]"
run_251,conv_dmitry_ivanov_09,dmitry_ivanov,known_use_case,jira_priority_tasks,completed,10.0,20.0,45.0,3.0,7.13,,,0.0,40.65,11.6435,6.160824,,,0.499125,POTENTIALLY_EFFECTIVE,[]
run_265,conv_dmitry_ivanov_09,dmitry_ivanov,cluster,f38fc4e18f4a2f3113e1b4e0b5a1854082a33ad1a13ff523a3580453026ec9af,completed,,,,3.0,4.88,,,0.0,44.73,,,,,,INSUFFICIENT_EVIDENCE,"[""economic_passport""]"
run_279,conv_dmitry_ivanov_09,dmitry_ivanov,,,completed,,,,3.0,3.93,,,0.0,37.79,,,,,,INSUFFICIENT_EVIDENCE,"[""economic_passport""]"
run_210,conv_dmitry_ivanov_10,dmitry_ivanov,,,completed,,,,3.0,5.41,,,0.0,46.5,,,,,,INSUFFICIENT_EVIDENCE,"[""economic_passport""]"
run_224,conv_dmitry_ivanov_10,dmitry_ivanov,,,completed,,,,3.0,5.72,,,0.0,38.96,,,,,,INSUFFICIENT_EVIDENCE,"[""economic_passport""]"
run_238,conv_dmitry_ivanov_10,dmitry_ivanov,,,completed,,,,3.0,5.64,,,0.0,29.22,,,,,,INSUFFICIENT_EVIDENCE,"[""economic_passport""]"
run_252,conv_dmitry_ivanov_10,dmitry_ivanov,,,completed,,,,3.0,5.08,,,0.0,39.22,,,,,,INSUFFICIENT_EVIDENCE,"[""economic_passport""]"
run_266,conv_dmitry_ivanov_10,dmitry_ivanov,cluster,f38fc4e18f4a2f3113e1b4e0b5a1854082a33ad1a13ff523a3580453026ec9af,completed,,,,3.0,4.6,,,0.0,45.03,,,,,,INSUFFICIENT_EVIDENCE,"[""economic_passport""]"
run_280,conv_dmitry_ivanov_10,dmitry_ivanov,cluster,9f9c6677e88abd39f165f84911bc138adccbe18c432bc050f292428c9a053184,completed,,,,3.0,3.71,,,0.0,40.35,,,,,,INSUFFICIENT_EVIDENCE,"[""economic_passport""]"
run_211,conv_dmitry_ivanov_11,dmitry_ivanov,,,completed,,,,3.0,5.95,,,0.0,37.83,,,,,,INSUFFICIENT_EVIDENCE,"[""economic_passport""]"
run_225,conv_dmitry_ivanov_11,dmitry_ivanov,,,completed,,,,3.0,5.239999999999999,,,0.0,41.52,,,,,,INSUFFICIENT_EVIDENCE,"[""economic_passport""]"
run_239,conv_dmitry_ivanov_11,dmitry_ivanov,,,completed,,,,3.0,6.22,,,0.0,43.45,,,,,,INSUFFICIENT_EVIDENCE,"[""economic_passport""]"
run_253,conv_dmitry_ivanov_11,dmitry_ivanov,,,completed,,,,3.0,5.3,,,0.0,41.24,,,,,,INSUFFICIENT_EVIDENCE,"[""economic_passport""]"
run_267,conv_dmitry_ivanov_11,dmitry_ivanov,known_use_case,manager_employee_observations,completed,12.0,25.0,50.0,3.0,5.66,,,0.0,43.6,13.717,6.865252,,,0.52108,POTENTIALLY_EFFECTIVE,[]
run_281,conv_dmitry_ivanov_11,dmitry_ivanov,known_use_case,generic_excel_data_export,completed,10.0,20.0,45.0,3.0,9.84,,,0.0,40.3,10.016,5.2134,,,0.5798,POTENTIALLY_EFFECTIVE,[]
run_212,conv_dmitry_ivanov_12,dmitry_ivanov,,,completed,,,,3.0,5.65,,,0.0,36.4,,,,,,INSUFFICIENT_EVIDENCE,"[""economic_passport""]"
run_226,conv_dmitry_ivanov_12,dmitry_ivanov,,,completed,,,,3.0,5.41,,,0.0,41.82,,,,,,INSUFFICIENT_EVIDENCE,"[""economic_passport""]"
run_240,conv_dmitry_ivanov_12,dmitry_ivanov,,,completed,,,,3.0,6.180000000000001,,,0.0,46.01,,,,,,INSUFFICIENT_EVIDENCE,"[""economic_passport""]"
run_254,conv_dmitry_ivanov_12,dmitry_ivanov,,,completed,,,,3.0,5.34,,,0.0,39.22,,,,,,INSUFFICIENT_EVIDENCE,"[""economic_passport""]"
run_268,conv_dmitry_ivanov_12,dmitry_ivanov,known_use_case,manager_employee_observations,completed,12.0,25.0,50.0,3.0,5.0600000000000005,,,0.0,29.42,13.747,10.681679,,,0.497192,POTENTIALLY_EFFECTIVE,[]
run_282,conv_dmitry_ivanov_12,dmitry_ivanov,known_use_case,analysis_results_excel_export,completed,12.0,25.0,60.0,3.0,5.15,,,0.0,38.87,13.485,7.673141,,,0.522792,POTENTIALLY_EFFECTIVE,[]
run_213,conv_dmitry_ivanov_13,dmitry_ivanov,,,completed,,,,3.0,4.760000000000001,,,0.0,38.42,,,,,,INSUFFICIENT_EVIDENCE,"[""economic_passport""]"
run_227,conv_dmitry_ivanov_13,dmitry_ivanov,,,completed,,,,3.0,5.79,,,0.0,40.39,,,,,,INSUFFICIENT_EVIDENCE,"[""economic_passport""]"
run_241,conv_dmitry_ivanov_13,dmitry_ivanov,known_use_case,jira_priority_tasks,completed,10.0,20.0,45.0,3.0,6.83,,,0.0,37.64,11.6585,6.743425,,,0.492355,POTENTIALLY_EFFECTIVE,[]
run_255,conv_dmitry_ivanov_13,dmitry_ivanov,,,completed,,,,3.0,5.35,,,0.0,41.83,,,,,,INSUFFICIENT_EVIDENCE,"[""economic_passport""]"
run_269,conv_dmitry_ivanov_13,dmitry_ivanov,cluster,f38fc4e18f4a2f3113e1b4e0b5a1854082a33ad1a13ff523a3580453026ec9af,completed,,,,3.0,5.22,,,0.0,43.65,,,,,,INSUFFICIENT_EVIDENCE,"[""economic_passport""]"
run_214,conv_dmitry_ivanov_14,dmitry_ivanov,,,completed,,,,3.0,5.78,,,0.0,36.45,,,,,,INSUFFICIENT_EVIDENCE,"[""economic_passport""]"
run_228,conv_dmitry_ivanov_14,dmitry_ivanov,,,completed,,,,3.0,4.97,,,0.0,42.41,,,,,,INSUFFICIENT_EVIDENCE,"[""economic_passport""]"
run_242,conv_dmitry_ivanov_14,dmitry_ivanov,,,completed,,,,3.0,5.75,,,0.0,36.21,,,,,,INSUFFICIENT_EVIDENCE,"[""economic_passport""]"
run_256,conv_dmitry_ivanov_14,dmitry_ivanov,,,completed,,,,3.0,6.25,,,0.0,42.12,,,,,,INSUFFICIENT_EVIDENCE,"[""economic_passport""]"
run_270,conv_dmitry_ivanov_14,dmitry_ivanov,cluster,f38fc4e18f4a2f3113e1b4e0b5a1854082a33ad1a13ff523a3580453026ec9af,completed,,,,3.0,5.08,,,0.0,46.26,,,,,,INSUFFICIENT_EVIDENCE,"[""economic_passport""]"
run_683,conv_ekaterina_orlova_01,ekaterina_orlova,cluster,745e04a976981c08d1bc807b07c1d98e7fd6d0442bcbcecdd276142ef7d94c95,completed,30.0,60.0,120.0,3.0,15.639999999999999,,,0.0,431.16,40.436,1.344605,,,0.613507,POTENTIALLY_EFFECTIVE,[]
run_688,conv_ekaterina_orlova_01,ekaterina_orlova,cluster,745e04a976981c08d1bc807b07c1d98e7fd6d0442bcbcecdd276142ef7d94c95,completed,30.0,60.0,120.0,3.0,14.629999999999999,,,0.0,432.64,40.537,1.342421,,,0.61281,POTENTIALLY_EFFECTIVE,[]
run_693,conv_ekaterina_orlova_01,ekaterina_orlova,cluster,745e04a976981c08d1bc807b07c1d98e7fd6d0442bcbcecdd276142ef7d94c95,completed,30.0,60.0,120.0,3.0,12.139999999999999,,,0.0,434.16,40.786,1.348558,,,0.609673,POTENTIALLY_EFFECTIVE,[]
run_698,conv_ekaterina_orlova_01,ekaterina_orlova,cluster,745e04a976981c08d1bc807b07c1d98e7fd6d0442bcbcecdd276142ef7d94c95,completed,30.0,60.0,120.0,3.0,13.54,,,0.0,435.4,40.646,1.333831,,,0.612833,POTENTIALLY_EFFECTIVE,[]
run_703,conv_ekaterina_orlova_01,ekaterina_orlova,,,completed,,,,3.0,12.01,,,0.0,437.72,,,,,,INSUFFICIENT_EVIDENCE,"[""economic_passport""]"
run_708,conv_ekaterina_orlova_01,ekaterina_orlova,cluster,3b720529fe577dee894a0088d85851ba19021a9bc72ea14028142fac3cf0ac3f,completed,,,,3.0,14.19,,,0.0,439.2,,,,,,INSUFFICIENT_EVIDENCE,"[""economic_passport""]"
run_684,conv_ekaterina_orlova_02,ekaterina_orlova,cluster,745e04a976981c08d1bc807b07c1d98e7fd6d0442bcbcecdd276142ef7d94c95,completed,30.0,60.0,120.0,3.0,11.78,,,0.0,445.34,40.822,1.29162,,,0.616527,POTENTIALLY_EFFECTIVE,[]
run_689,conv_ekaterina_orlova_02,ekaterina_orlova,cluster,745e04a976981c08d1bc807b07c1d98e7fd6d0442bcbcecdd276142ef7d94c95,completed,30.0,60.0,120.0,3.0,12.99,,,0.0,446.82,40.701,1.277259,,,0.61953,POTENTIALLY_EFFECTIVE,[]
run_694,conv_ekaterina_orlova_02,ekaterina_orlova,cluster,745e04a976981c08d1bc807b07c1d98e7fd6d0442bcbcecdd276142ef7d94c95,completed,30.0,60.0,120.0,3.0,13.639999999999999,,,0.0,448.34,40.636,1.265914,,,0.621627,POTENTIALLY_EFFECTIVE,[]
run_699,conv_ekaterina_orlova_02,ekaterina_orlova,cluster,26958b837d7d885ae5340b2b030ae4661dd7ca82f69015388ac4cffe1531075b,completed,,,,3.0,12.22,,,0.0,449.83,,,,,,INSUFFICIENT_EVIDENCE,"[""economic_passport""]"
run_704,conv_ekaterina_orlova_02,ekaterina_orlova,cluster,3b720529fe577dee894a0088d85851ba19021a9bc72ea14028142fac3cf0ac3f,completed,,,,3.0,12.4,,,0.0,451.9,,,,,,INSUFFICIENT_EVIDENCE,"[""economic_passport""]"
run_709,conv_ekaterina_orlova_02,ekaterina_orlova,,,completed,,,,3.0,12.28,,,0.0,453.38,,,,,,INSUFFICIENT_EVIDENCE,"[""economic_passport""]"
run_685,conv_ekaterina_orlova_03,ekaterina_orlova,cluster,26958b837d7d885ae5340b2b030ae4661dd7ca82f69015388ac4cffe1531075b,completed,,,,3.0,16.15,,,0.0,447.61,,,,,,INSUFFICIENT_EVIDENCE,"[""economic_passport""]"
run_690,conv_ekaterina_orlova_03,ekaterina_orlova,cluster,745e04a976981c08d1bc807b07c1d98e7fd6d0442bcbcecdd276142ef7d94c95,completed,30.0,60.0,120.0,3.0,13.78,,,0.0,449.43,40.622,1.25964,,,0.622587,POTENTIALLY_EFFECTIVE,[]
run_695,conv_ekaterina_orlova_03,ekaterina_orlova,cluster,745e04a976981c08d1bc807b07c1d98e7fd6d0442bcbcecdd276142ef7d94c95,completed,30.0,60.0,120.0,3.0,11.71,,,0.0,450.9,40.829,1.26375,,,0.620117,POTENTIALLY_EFFECTIVE,[]
run_700,conv_ekaterina_orlova_03,ekaterina_orlova,cluster,745e04a976981c08d1bc807b07c1d98e7fd6d0442bcbcecdd276142ef7d94c95,completed,30.0,60.0,120.0,3.0,15.96,,,0.0,452.39,40.404,1.232808,,,0.628193,POTENTIALLY_EFFECTIVE,[]
run_705,conv_ekaterina_orlova_03,ekaterina_orlova,cluster,26958b837d7d885ae5340b2b030ae4661dd7ca82f69015388ac4cffe1531075b,completed,,,,3.0,11.29,,,0.0,454.16,,,,,,INSUFFICIENT_EVIDENCE,"[""economic_passport""]"
run_710,conv_ekaterina_orlova_03,ekaterina_orlova,cluster,3b720529fe577dee894a0088d85851ba19021a9bc72ea14028142fac3cf0ac3f,completed,,,,3.0,15.44,,,0.0,455.99,,,,,,INSUFFICIENT_EVIDENCE,"[""economic_passport""]"
run_686,conv_ekaterina_orlova_04,ekaterina_orlova,cluster,745e04a976981c08d1bc807b07c1d98e7fd6d0442bcbcecdd276142ef7d94c95,completed,30.0,60.0,120.0,3.0,14.870000000000001,,,0.0,447.95,40.513,1.261022,,,0.623417,POTENTIALLY_EFFECTIVE,[]
run_691,conv_ekaterina_orlova_04,ekaterina_orlova,cluster,26958b837d7d885ae5340b2b030ae4661dd7ca82f69015388ac4cffe1531075b,completed,,,,3.0,12.24,,,0.0,449.43,,,,,,INSUFFICIENT_EVIDENCE,"[""economic_passport""]"
run_696,conv_ekaterina_orlova_04,ekaterina_orlova,cluster,745e04a976981c08d1bc807b07c1d98e7fd6d0442bcbcecdd276142ef7d94c95,completed,30.0,60.0,120.0,3.0,15.870000000000001,,,0.0,451.2,40.413,1.239195,,,0.62725,POTENTIALLY_EFFECTIVE,[]
run_701,conv_ekaterina_orlova_04,ekaterina_orlova,cluster,26958b837d7d885ae5340b2b030ae4661dd7ca82f69015388ac4cffe1531075b,completed,,,,3.0,15.22,,,0.0,453.28,,,,,,INSUFFICIENT_EVIDENCE,"[""economic_passport""]"
run_706,conv_ekaterina_orlova_04,ekaterina_orlova,,,completed,,,,3.0,13.19,,,0.0,454.51,,,,,,INSUFFICIENT_EVIDENCE,"[""economic_passport""]"
run_687,conv_ekaterina_orlova_05,ekaterina_orlova,cluster,745e04a976981c08d1bc807b07c1d98e7fd6d0442bcbcecdd276142ef7d94c95,completed,30.0,60.0,120.0,3.0,16.18,,,0.0,446.77,40.382,1.259664,,,0.624813,POTENTIALLY_EFFECTIVE,[]
run_692,conv_ekaterina_orlova_05,ekaterina_orlova,cluster,745e04a976981c08d1bc807b07c1d98e7fd6d0442bcbcecdd276142ef7d94c95,completed,30.0,60.0,120.0,3.0,12.31,,,0.0,448.05,40.769,1.274802,,,0.619217,POTENTIALLY_EFFECTIVE,[]
run_697,conv_ekaterina_orlova_05,ekaterina_orlova,cluster,745e04a976981c08d1bc807b07c1d98e7fd6d0442bcbcecdd276142ef7d94c95,completed,30.0,60.0,120.0,3.0,14.889999999999999,,,0.0,449.48,40.511,1.253215,,,0.62447,POTENTIALLY_EFFECTIVE,[]
run_702,conv_ekaterina_orlova_05,ekaterina_orlova,,,completed,,,,3.0,15.0,,,0.0,451.85,,,,,,INSUFFICIENT_EVIDENCE,"[""economic_passport""]"
run_707,conv_ekaterina_orlova_05,ekaterina_orlova,cluster,3b720529fe577dee894a0088d85851ba19021a9bc72ea14028142fac3cf0ac3f,completed,,,,3.0,14.120000000000001,,,0.0,453.33,,,,,,INSUFFICIENT_EVIDENCE,"[""economic_passport""]"
run_107,conv_elena_petrova_01,elena_petrova,,,completed,,,,3.0,3.2,,,0.0,25.35,,,,,,INSUFFICIENT_EVIDENCE,"[""economic_passport""]"
run_123,conv_elena_petrova_01,elena_petrova,known_use_case,crm_client_excel_report,completed,30.0,55.0,120.0,3.0,5.47,,,0.0,25.3,36.1795,34.750494,,,0.360591,POTENTIALLY_EFFECTIVE,[]
run_139,conv_elena_petrova_01,elena_petrova,known_use_case,crm_client_excel_report,completed,30.0,55.0,120.0,3.0,5.45,,,0.0,25.35,36.1825,34.682939,,,0.360573,POTENTIALLY_EFFECTIVE,[]
run_155,conv_elena_petrova_01,elena_petrova,,,completed,,,,3.0,3.42,,,0.0,25.36,,,,,,INSUFFICIENT_EVIDENCE,"[""economic_passport""]"
run_171,conv_elena_petrova_01,elena_petrova,known_use_case,pre_review_employee_note,completed,8.0,15.0,35.0,3.0,6.13,,,0.0,40.14,6.6935,3.168847,,,0.660807,POTENTIALLY_EFFECTIVE,[]
run_187,conv_elena_petrova_01,elena_petrova,known_use_case,isup_ticket_create_edit,completed,12.0,25.0,60.0,3.0,6.17,,,0.0,34.08,13.383,8.817342,,,0.519208,POTENTIALLY_EFFECTIVE,[]
run_108,conv_elena_petrova_02,elena_petrova,cluster,ef929cde84c69d4c87c1ede855119db14b99ad87292aacce89b42317c2c08739,completed,,,,3.0,3.42,,,0.0,25.65,,,,,,INSUFFICIENT_EVIDENCE,"[""economic_passport""]"
run_124,conv_elena_petrova_02,elena_petrova,known_use_case,crm_client_excel_report,completed,30.0,55.0,120.0,3.0,5.09,,,0.0,25.6,36.2365,34.387207,,,0.359773,POTENTIALLY_EFFECTIVE,[]
run_140,conv_elena_petrova_02,elena_petrova,known_use_case,crm_client_excel_report,completed,30.0,55.0,120.0,3.0,5.29,,,0.0,25.65,36.2065,34.288986,,,0.360355,POTENTIALLY_EFFECTIVE,[]
run_156,conv_elena_petrova_02,elena_petrova,cluster,ef929cde84c69d4c87c1ede855119db14b99ad87292aacce89b42317c2c08739,completed,,,,3.0,3.46,,,0.0,25.66,,,,,,INSUFFICIENT_EVIDENCE,"[""economic_passport""]"
run_172,conv_elena_petrova_02,elena_petrova,known_use_case,pre_review_employee_note,completed,8.0,15.0,35.0,3.0,4.819999999999999,,,0.0,38.71,6.759,3.365151,,,0.652627,POTENTIALLY_EFFECTIVE,[]
run_188,conv_elena_petrova_02,elena_petrova,known_use_case,isup_ticket_create_edit,completed,12.0,25.0,60.0,3.0,4.86,,,0.0,36.1,13.514,8.358726,,,0.5172,POTENTIALLY_EFFECTIVE,[]
run_109,conv_elena_petrova_03,elena_petrova,cluster,ef929cde84c69d4c87c1ede855119db14b99ad87292aacce89b42317c2c08739,completed,,,,3.0,4.11,,,0.0,25.94,,,,,,INSUFFICIENT_EVIDENCE,"[""economic_passport""]"
run_125,conv_elena_petrova_03,elena_petrova,known_use_case,crm_client_excel_report,completed,30.0,55.0,120.0,3.0,5.29,,,0.0,25.89,36.2065,33.961858,,,0.360529,POTENTIALLY_EFFECTIVE,[]
run_141,conv_elena_petrova_03,elena_petrova,,,completed,,,,3.0,7.35,,,0.0,25.89,,,,,,INSUFFICIENT_EVIDENCE,"[""economic_passport""]"
run_157,conv_elena_petrova_03,elena_petrova,cluster,ef929cde84c69d4c87c1ede855119db14b99ad87292aacce89b42317c2c08739,completed,,,,3.0,3.94,,,0.0,25.95,,,,,,INSUFFICIENT_EVIDENCE,"[""economic_passport""]"
run_173,conv_elena_petrova_03,elena_petrova,known_use_case,pre_review_employee_note,completed,8.0,15.0,35.0,3.0,4.85,,,0.0,40.73,6.7575,3.147741,,,0.658113,POTENTIALLY_EFFECTIVE,[]
run_189,conv_elena_petrova_03,elena_petrova,known_use_case,isup_ticket_create_edit,completed,12.0,25.0,60.0,3.0,5.180000000000001,,,0.0,34.08,13.482,8.889965,,,0.515248,POTENTIALLY_EFFECTIVE,[]
run_110,conv_elena_petrova_04,elena_petrova,,,completed,,,,3.0,3.55,,,0.0,26.29,,,,,,INSUFFICIENT_EVIDENCE,"[""economic_passport""]"
run_126,conv_elena_petrova_04,elena_petrova,known_use_case,crm_client_excel_report,completed,30.0,55.0,120.0,3.0,5.8,,,0.0,26.19,36.13,33.488354,,,0.362138,POTENTIALLY_EFFECTIVE,[]
run_142,conv_elena_petrova_04,elena_petrova,,,completed,,,,3.0,3.6599999999999997,,,0.0,26.19,,,,,,INSUFFICIENT_EVIDENCE,"[""economic_passport""]"
run_158,conv_elena_petrova_04,elena_petrova,,,completed,,,,3.0,3.8,,,0.0,26.25,,,,,,INSUFFICIENT_EVIDENCE,"[""economic_passport""]"
run_174,conv_elena_petrova_04,elena_petrova,known_use_case,pre_review_employee_note,completed,8.0,15.0,35.0,3.0,4.96,,,0.0,38.76,6.752,3.355005,,,0.653227,POTENTIALLY_EFFECTIVE,[]
run_190,conv_elena_petrova_04,elena_petrova,known_use_case,isup_ticket_create_edit,completed,12.0,25.0,60.0,3.0,4.569999999999999,,,0.0,36.74,13.543,8.215433,,,0.517064,POTENTIALLY_EFFECTIVE,[]
run_111,conv_elena_petrova_05,elena_petrova,,,completed,,,,3.0,8.1,,,0.0,26.58,,,,,,INSUFFICIENT_EVIDENCE,"[""economic_passport""]"
run_127,conv_elena_petrova_05,elena_petrova,known_use_case,crm_client_excel_report,completed,30.0,55.0,120.0,3.0,5.8100000000000005,,,0.0,26.49,36.1285,33.096357,,,0.362384,POTENTIALLY_EFFECTIVE,[]
run_143,conv_elena_petrova_05,elena_petrova,,,completed,,,,3.0,3.85,,,0.0,26.49,,,,,,INSUFFICIENT_EVIDENCE,"[""economic_passport""]"
run_159,conv_elena_petrova_05,elena_petrova,,,completed,,,,3.0,3.93,,,0.0,26.55,,,,,,INSUFFICIENT_EVIDENCE,"[""economic_passport""]"
run_175,conv_elena_petrova_05,elena_petrova,known_use_case,pre_review_employee_note,completed,8.0,15.0,35.0,3.0,5.54,,,0.0,41.32,6.723,3.067643,,,0.661987,POTENTIALLY_EFFECTIVE,[]
run_191,conv_elena_petrova_05,elena_petrova,known_use_case,isup_ticket_create_edit,completed,12.0,25.0,60.0,3.0,6.61,,,0.0,37.03,13.339,8.005536,,,0.525688,POTENTIALLY_EFFECTIVE,[]
run_112,conv_elena_petrova_06,elena_petrova,cluster,ef929cde84c69d4c87c1ede855119db14b99ad87292aacce89b42317c2c08739,completed,,,,3.0,4.0,,,0.0,26.88,,,,,,INSUFFICIENT_EVIDENCE,"[""economic_passport""]"
run_128,conv_elena_petrova_06,elena_petrova,known_use_case,crm_client_excel_report,completed,30.0,55.0,120.0,3.0,5.41,,,0.0,26.78,36.1885,32.78314,,,0.361504,POTENTIALLY_EFFECTIVE,[]
run_144,conv_elena_petrova_06,elena_petrova,cluster,ef929cde84c69d4c87c1ede855119db14b99ad87292aacce89b42317c2c08739,completed,,,,3.0,3.69,,,0.0,26.78,,,,,,INSUFFICIENT_EVIDENCE,"[""economic_passport""]"
run_160,conv_elena_petrova_06,elena_petrova,cluster,ef929cde84c69d4c87c1ede855119db14b99ad87292aacce89b42317c2c08739,completed,,,,3.0,3.6599999999999997,,,0.0,26.84,,,,,,INSUFFICIENT_EVIDENCE,"[""economic_passport""]"
run_176,conv_elena_petrova_06,elena_petrova,known_use_case,pre_review_employee_note,completed,8.0,15.0,35.0,3.0,5.739999999999999,,,0.0,41.61,6.713,3.033285,,,0.663427,POTENTIALLY_EFFECTIVE,[]
run_192,conv_elena_petrova_06,elena_petrova,known_use_case,isup_ticket_create_edit,completed,12.0,25.0,60.0,3.0,5.37,,,0.0,35.61,13.463,8.451699,,,0.518456,POTENTIALLY_EFFECTIVE,[]
run_113,conv_elena_petrova_07,elena_petrova,cluster,4bbf2f178daa76f45e11271209212ce17c4a11d3e0ad99c59fa6fee7e844031f,completed,,,,3.0,2.98,,,0.0,24.81,,,,,,INSUFFICIENT_EVIDENCE,"[""economic_passport""]"
run_129,conv_elena_petrova_07,elena_petrova,known_use_case,crm_client_excel_report,completed,30.0,55.0,120.0,3.0,5.08,,,0.0,24.71,36.238,35.663294,,,0.359098,POTENTIALLY_EFFECTIVE,[]
run_145,conv_elena_petrova_07,elena_petrova,cluster,4bbf2f178daa76f45e11271209212ce17c4a11d3e0ad99c59fa6fee7e844031f,completed,,,,3.0,3.56,,,0.0,24.71,,,,,,INSUFFICIENT_EVIDENCE,"[""economic_passport""]"
run_161,conv_elena_petrova_07,elena_petrova,known_use_case,pre_review_employee_note,completed,8.0,15.0,35.0,3.0,4.760000000000001,,,0.0,37.13,6.762,3.552922,,,0.648213,POTENTIALLY_EFFECTIVE,[]
run_177,conv_elena_petrova_07,elena_petrova,known_use_case,pre_review_employee_note,completed,8.0,15.0,35.0,3.0,5.45,,,0.0,40.19,6.7275,3.18481,,,0.658673,POTENTIALLY_EFFECTIVE,[]
run_193,conv_elena_petrova_07,elena_petrova,known_use_case,isup_ticket_create_edit,completed,12.0,25.0,60.0,3.0,6.260000000000001,,,0.0,37.62,13.374,7.88756,,,0.525232,POTENTIALLY_EFFECTIVE,[]
run_114,conv_elena_petrova_08,elena_petrova,cluster,4bbf2f178daa76f45e11271209212ce17c4a11d3e0ad99c59fa6fee7e844031f,completed,,,,3.0,3.58,,,0.0,25.11,,,,,,INSUFFICIENT_EVIDENCE,"[""economic_passport""]"
run_130,conv_elena_petrova_08,elena_petrova,known_use_case,crm_client_excel_report,completed,30.0,55.0,120.0,3.0,4.91,,,0.0,25.06,36.2635,35.176676,,,0.358889,POTENTIALLY_EFFECTIVE,[]
run_146,conv_elena_petrova_08,elena_petrova,cluster,4bbf2f178daa76f45e11271209212ce17c4a11d3e0ad99c59fa6fee7e844031f,completed,,,,3.0,3.49,,,0.0,25.01,,,,,,INSUFFICIENT_EVIDENCE,"[""economic_passport""]"
run_162,conv_elena_petrova_08,elena_petrova,known_use_case,pre_review_employee_note,completed,8.0,15.0,35.0,3.0,5.15,,,0.0,35.7,6.7425,3.721639,,,0.6457,POTENTIALLY_EFFECTIVE,[]
run_178,conv_elena_petrova_08,elena_petrova,known_use_case,pre_review_employee_note,completed,8.0,15.0,35.0,3.0,4.33,,,0.0,42.2,6.7835,3.018661,,,0.6603,POTENTIALLY_EFFECTIVE,[]
run_194,conv_elena_petrova_08,elena_petrova,known_use_case,isup_ticket_create_edit,completed,12.0,25.0,60.0,3.0,6.16,,,0.0,35.61,13.384,8.396237,,,0.521616,POTENTIALLY_EFFECTIVE,[]
run_115,conv_elena_petrova_09,elena_petrova,,,completed,,,,3.0,4.04,,,0.0,25.4,,,,,,INSUFFICIENT_EVIDENCE,"[""economic_passport""]"
run_131,conv_elena_petrova_09,elena_petrova,known_use_case,crm_client_excel_report,completed,30.0,55.0,120.0,3.0,9.54,,,0.0,25.35,35.569,34.077909,,,0.371727,POTENTIALLY_EFFECTIVE,[]
run_147,conv_elena_petrova_09,elena_petrova,,,completed,,,,3.0,3.7800000000000002,,,0.0,25.3,,,,,,INSUFFICIENT_EVIDENCE,"[""economic_passport""]"
run_163,conv_elena_petrova_09,elena_petrova,known_use_case,pre_review_employee_note,completed,8.0,15.0,35.0,3.0,4.33,,,0.0,37.72,6.7835,3.495957,,,0.648353,POTENTIALLY_EFFECTIVE,[]
run_179,conv_elena_petrova_09,elena_petrova,known_use_case,pre_review_employee_note,completed,8.0,15.0,35.0,3.0,4.8,,,0.0,40.23,6.76,3.200845,,,0.656613,POTENTIALLY_EFFECTIVE,[]
run_195,conv_elena_petrova_09,elena_petrova,known_use_case,isup_ticket_create_edit,completed,12.0,25.0,60.0,3.0,5.63,,,0.0,38.22,13.437,7.789246,,,0.523672,POTENTIALLY_EFFECTIVE,[]
run_116,conv_elena_petrova_10,elena_petrova,cluster,ef929cde84c69d4c87c1ede855119db14b99ad87292aacce89b42317c2c08739,completed,,,,3.0,3.74,,,0.0,25.7,,,,,,INSUFFICIENT_EVIDENCE,"[""economic_passport""]"
run_132,conv_elena_petrova_10,elena_petrova,known_use_case,crm_client_excel_report,completed,30.0,55.0,120.0,3.0,5.63,,,0.0,25.65,36.1555,34.239279,,,0.361282,POTENTIALLY_EFFECTIVE,[]
run_148,conv_elena_petrova_10,elena_petrova,cluster,ef929cde84c69d4c87c1ede855119db14b99ad87292aacce89b42317c2c08739,completed,,,,3.0,3.4099999999999997,,,0.0,25.61,,,,,,INSUFFICIENT_EVIDENCE,"[""economic_passport""]"
run_164,conv_elena_petrova_10,elena_petrova,known_use_case,pre_review_employee_note,completed,8.0,15.0,35.0,3.0,5.28,,,0.0,35.75,6.736,3.71049,,,0.646267,POTENTIALLY_EFFECTIVE,[]
run_180,conv_elena_petrova_10,elena_petrova,known_use_case,pre_review_employee_note,completed,8.0,15.0,35.0,3.0,4.9399999999999995,,,0.0,42.79,6.753,2.945431,,,0.663907,POTENTIALLY_EFFECTIVE,[]
run_196,conv_elena_petrova_10,elena_petrova,known_use_case,isup_ticket_create_edit,completed,12.0,25.0,60.0,3.0,5.7,,,0.0,38.51,13.43,7.718515,,,0.524416,POTENTIALLY_EFFECTIVE,[]
run_117,conv_elena_petrova_11,elena_petrova,cluster,ef929cde84c69d4c87c1ede855119db14b99ad87292aacce89b42317c2c08739,completed,,,,3.0,3.5900000000000003,,,0.0,25.99,,,,,,INSUFFICIENT_EVIDENCE,"[""economic_passport""]"
run_133,conv_elena_petrova_11,elena_petrova,known_use_case,crm_client_excel_report,completed,30.0,55.0,120.0,3.0,5.930000000000001,,,0.0,25.94,36.1105,33.801947,,,0.362311,POTENTIALLY_EFFECTIVE,[]
run_149,conv_elena_petrova_11,elena_petrova,cluster,ef929cde84c69d4c87c1ede855119db14b99ad87292aacce89b42317c2c08739,completed,,,,3.0,3.8800000000000003,,,0.0,25.9,,,,,,INSUFFICIENT_EVIDENCE,"[""economic_passport""]"
run_165,conv_elena_petrova_11,elena_petrova,known_use_case,pre_review_employee_note,completed,8.0,15.0,35.0,3.0,4.59,,,0.0,38.31,6.7705,3.418233,,,0.650793,POTENTIALLY_EFFECTIVE,[]
run_181,conv_elena_petrova_11,elena_petrova,known_use_case,isup_ticket_create_edit,completed,12.0,25.0,60.0,3.0,5.54,,,0.0,34.03,13.446,8.878049,,,0.516608,POTENTIALLY_EFFECTIVE,[]
run_197,conv_elena_petrova_11,elena_petrova,known_use_case,isup_ticket_create_edit,completed,12.0,25.0,60.0,3.0,5.62,,,0.0,37.08,13.438,8.06014,,,0.521808,POTENTIALLY_EFFECTIVE,[]
run_118,conv_elena_petrova_12,elena_petrova,,,completed,,,,3.0,3.49,,,0.0,26.29,,,,,,INSUFFICIENT_EVIDENCE,"[""economic_passport""]"
run_134,conv_elena_petrova_12,elena_petrova,known_use_case,crm_client_excel_report,completed,30.0,55.0,120.0,3.0,5.1899999999999995,,,0.0,26.24,36.2215,33.509813,,,0.360511,POTENTIALLY_EFFECTIVE,[]
run_150,conv_elena_petrova_12,elena_petrova,,,completed,,,,3.0,3.75,,,0.0,26.25,,,,,,INSUFFICIENT_EVIDENCE,"[""economic_passport""]"
run_166,conv_elena_petrova_12,elena_petrova,known_use_case,pre_review_employee_note,completed,8.0,15.0,35.0,3.0,4.16,,,0.0,38.61,6.792,3.397824,,,0.65016,POTENTIALLY_EFFECTIVE,[]
run_182,conv_elena_petrova_12,elena_petrova,known_use_case,isup_ticket_create_edit,completed,12.0,25.0,60.0,3.0,4.39,,,0.0,32.6,13.561,9.39954,,,0.50972,POTENTIALLY_EFFECTIVE,[]
run_198,conv_elena_petrova_12,elena_petrova,known_use_case,isup_ticket_create_edit,completed,12.0,25.0,60.0,3.0,5.1,,,0.0,39.1,13.49,7.62532,,,0.52296,POTENTIALLY_EFFECTIVE,[]
run_119,conv_elena_petrova_13,elena_petrova,,,completed,,,,3.0,4.11,,,0.0,26.58,,,,,,INSUFFICIENT_EVIDENCE,"[""economic_passport""]"
run_135,conv_elena_petrova_13,elena_petrova,known_use_case,crm_client_excel_report,completed,30.0,55.0,120.0,3.0,5.87,,,0.0,26.54,36.1195,33.023644,,,0.362584,POTENTIALLY_EFFECTIVE,[]
run_151,conv_elena_petrova_13,elena_petrova,,,completed,,,,3.0,8.639999999999999,,,0.0,26.55,,,,,,INSUFFICIENT_EVIDENCE,"[""economic_passport""]"
run_167,conv_elena_petrova_13,elena_petrova,known_use_case,pre_review_employee_note,completed,8.0,15.0,35.0,3.0,5.069999999999999,,,0.0,37.18,6.7465,3.536377,,,0.64938,POTENTIALLY_EFFECTIVE,[]
run_183,conv_elena_petrova_13,elena_petrova,known_use_case,isup_ticket_create_edit,completed,12.0,25.0,60.0,3.0,4.34,,,0.0,34.62,13.566,8.79636,,,0.512752,POTENTIALLY_EFFECTIVE,[]
run_199,conv_elena_petrova_13,elena_petrova,known_use_case,isup_ticket_create_edit,completed,12.0,25.0,60.0,3.0,5.53,,,0.0,37.08,13.447,8.066208,,,0.521448,POTENTIALLY_EFFECTIVE,[]
run_120,conv_elena_petrova_14,elena_petrova,cluster,ef929cde84c69d4c87c1ede855119db14b99ad87292aacce89b42317c2c08739,completed,,,,3.0,3.89,,,0.0,26.88,,,,,,INSUFFICIENT_EVIDENCE,"[""economic_passport""]"
run_136,conv_elena_petrova_14,elena_petrova,known_use_case,crm_client_excel_report,completed,30.0,55.0,120.0,3.0,5.989999999999999,,,0.0,26.83,36.1015,32.639117,,,0.363122,POTENTIALLY_EFFECTIVE,[]
run_152,conv_elena_petrova_14,elena_petrova,cluster,ef929cde84c69d4c87c1ede855119db14b99ad87292aacce89b42317c2c08739,completed,,,,3.0,4.13,,,0.0,26.84,,,,,,INSUFFICIENT_EVIDENCE,"[""economic_passport""]"
run_168,conv_elena_petrova_14,elena_petrova,known_use_case,pre_review_employee_note,completed,8.0,15.0,35.0,3.0,4.19,,,0.0,39.2,6.7905,3.330676,,,0.651833,POTENTIALLY_EFFECTIVE,[]
run_184,conv_elena_petrova_14,elena_petrova,known_use_case,isup_ticket_create_edit,completed,12.0,25.0,60.0,3.0,4.86,,,0.0,32.6,13.514,9.363497,,,0.5116,POTENTIALLY_EFFECTIVE,[]
run_200,conv_elena_petrova_14,elena_petrova,known_use_case,isup_ticket_create_edit,completed,12.0,25.0,60.0,3.0,5.930000000000001,,,0.0,39.69,13.407,7.444822,,,0.527224,POTENTIALLY_EFFECTIVE,[]
run_121,conv_elena_petrova_15,elena_petrova,known_use_case,crm_client_excel_report,completed,30.0,55.0,120.0,3.0,9.95,,,0.0,24.71,35.5075,34.924221,,,0.37238,POTENTIALLY_EFFECTIVE,[]
run_137,conv_elena_petrova_15,elena_petrova,known_use_case,crm_client_excel_report,completed,30.0,55.0,120.0,3.0,4.86,,,0.0,24.76,36.271,35.622577,,,0.358535,POTENTIALLY_EFFECTIVE,[]
run_153,conv_elena_petrova_15,elena_petrova,cluster,4bbf2f178daa76f45e11271209212ce17c4a11d3e0ad99c59fa6fee7e844031f,completed,,,,3.0,3.49,,,0.0,24.77,,,,,,INSUFFICIENT_EVIDENCE,"[""economic_passport""]"
run_169,conv_elena_petrova_15,elena_petrova,known_use_case,pre_review_employee_note,completed,8.0,15.0,35.0,3.0,4.9399999999999995,,,0.0,37.23,6.753,3.534649,,,0.64908,POTENTIALLY_EFFECTIVE,[]
run_185,conv_elena_petrova_15,elena_petrova,known_use_case,isup_ticket_create_edit,completed,12.0,25.0,60.0,3.0,5.02,,,0.0,35.21,13.498,8.583925,,,0.516416,POTENTIALLY_EFFECTIVE,[]
run_122,conv_elena_petrova_16,elena_petrova,known_use_case,crm_client_excel_report,completed,30.0,55.0,120.0,3.0,5.4399999999999995,,,0.0,25.01,36.184,35.169532,,,0.360298,POTENTIALLY_EFFECTIVE,[]
run_138,conv_elena_petrova_16,elena_petrova,known_use_case,crm_client_excel_report,completed,30.0,55.0,120.0,3.0,5.29,,,0.0,25.06,36.2065,35.119812,,,0.359925,POTENTIALLY_EFFECTIVE,[]
run_154,conv_elena_petrova_16,elena_petrova,cluster,4bbf2f178daa76f45e11271209212ce17c4a11d3e0ad99c59fa6fee7e844031f,completed,,,,3.0,3.55,,,0.0,25.07,,,,,,INSUFFICIENT_EVIDENCE,"[""economic_passport""]"
run_170,conv_elena_petrova_16,elena_petrova,known_use_case,pre_review_employee_note,completed,8.0,15.0,35.0,3.0,5.3100000000000005,,,0.0,39.84,6.7345,3.225966,,,0.657273,POTENTIALLY_EFFECTIVE,[]
run_186,conv_elena_petrova_16,elena_petrova,known_use_case,isup_ticket_create_edit,completed,12.0,25.0,60.0,3.0,5.34,,,0.0,35.51,13.466,8.480428,,,0.518176,POTENTIALLY_EFFECTIVE,[]
run_555,conv_igor_fedorov_01,igor_fedorov,,,completed,,,,3.0,9.2,,,0.0,125.86,,,,,,INSUFFICIENT_EVIDENCE,"[""economic_passport""]"
run_562,conv_igor_fedorov_01,igor_fedorov,,,completed,,,,3.0,7.89,,,0.0,126.25,,,,,,INSUFFICIENT_EVIDENCE,"[""economic_passport""]"
run_569,conv_igor_fedorov_01,igor_fedorov,known_use_case,daily_email_digest,completed,25.0,45.0,90.0,3.0,7.27,,,0.0,126.79,33.273,5.560651,,,0.373302,POTENTIALLY_EFFECTIVE,[]
run_576,conv_igor_fedorov_01,igor_fedorov,known_use_case,daily_email_digest,completed,25.0,45.0,90.0,3.0,10.2,,,0.0,131.17,32.98,5.285736,,,0.383707,POTENTIALLY_EFFECTIVE,[]
run_583,conv_igor_fedorov_01,igor_fedorov,known_use_case,email_to_project_ticket,completed,15.0,30.0,75.0,3.0,9.6,,,0.0,117.15,16.04,2.422962,,,0.621533,POTENTIALLY_EFFECTIVE,[]
run_590,conv_igor_fedorov_01,igor_fedorov,known_use_case,isup_ticket_create_edit,completed,12.0,25.0,60.0,3.0,9.07,,,0.0,136.95,13.093,1.390106,,,0.6954,POTENTIALLY_EFFECTIVE,[]
run_556,conv_igor_fedorov_02,igor_fedorov,,,completed,,,,3.0,8.32,,,0.0,126.15,,,,,,INSUFFICIENT_EVIDENCE,"[""economic_passport""]"
run_563,conv_igor_fedorov_02,igor_fedorov,,,completed,,,,3.0,10.16,,,0.0,112.12,,,,,,INSUFFICIENT_EVIDENCE,"[""economic_passport""]"
run_570,conv_igor_fedorov_02,igor_fedorov,known_use_case,daily_email_digest,completed,25.0,45.0,90.0,3.0,9.41,,,0.0,129.4,33.059,5.386978,,,0.380378,POTENTIALLY_EFFECTIVE,[]
run_577,conv_igor_fedorov_02,igor_fedorov,known_use_case,email_to_project_ticket,completed,15.0,30.0,75.0,3.0,8.07,,,0.0,129.75,16.193,2.120039,,,0.633233,POTENTIALLY_EFFECTIVE,[]
run_584,conv_igor_fedorov_02,igor_fedorov,known_use_case,daily_email_digest,completed,25.0,45.0,90.0,3.0,8.35,,,0.0,131.28,33.165,5.315699,,,0.379693,POTENTIALLY_EFFECTIVE,[]
run_591,conv_igor_fedorov_02,igor_fedorov,,,completed,,,,3.0,15.67,,,0.0,137.24,,,,,,INSUFFICIENT_EVIDENCE,"[""economic_passport""]"
run_557,conv_igor_fedorov_03,igor_fedorov,,,completed,,,,3.0,9.84,,,0.0,124.72,,,,,,INSUFFICIENT_EVIDENCE,"[""economic_passport""]"
run_564,conv_igor_fedorov_03,igor_fedorov,,,completed,,,,3.0,8.35,,,0.0,126.3,,,,,,INSUFFICIENT_EVIDENCE,"[""economic_passport""]"
run_571,conv_igor_fedorov_03,igor_fedorov,,,completed,,,,3.0,15.46,,,0.0,129.7,,,,,,INSUFFICIENT_EVIDENCE,"[""economic_passport""]"
run_578,conv_igor_fedorov_03,igor_fedorov,known_use_case,email_to_project_ticket,completed,15.0,30.0,75.0,3.0,8.34,,,0.0,115.67,16.166,2.493992,,,0.61536,POTENTIALLY_EFFECTIVE,[]
run_585,conv_igor_fedorov_03,igor_fedorov,known_use_case,isup_ticket_create_edit,completed,12.0,25.0,60.0,3.0,10.34,,,0.0,135.47,12.966,1.392781,,,0.698112,POTENTIALLY_EFFECTIVE,[]
run_592,conv_igor_fedorov_03,igor_fedorov,known_use_case,isup_project_status_monitoring,completed,15.0,30.0,75.0,3.0,7.819999999999999,,,0.0,135.81,18.218,2.353582,,,0.573813,POTENTIALLY_EFFECTIVE,[]
run_558,conv_igor_fedorov_04,igor_fedorov,,,completed,,,,3.0,7.27,,,0.0,110.59,,,,,,INSUFFICIENT_EVIDENCE,"[""economic_passport""]"
run_565,conv_igor_fedorov_04,igor_fedorov,,,completed,,,,3.0,10.07,,,0.0,128.86,,,,,,INSUFFICIENT_EVIDENCE,"[""economic_passport""]"
run_572,conv_igor_fedorov_04,igor_fedorov,known_use_case,email_to_project_ticket,completed,15.0,30.0,75.0,3.0,8.67,,,0.0,128.27,16.133,2.144344,,,0.63326,POTENTIALLY_EFFECTIVE,[]
run_579,conv_igor_fedorov_04,igor_fedorov,known_use_case,daily_email_digest,completed,25.0,45.0,90.0,3.0,8.889999999999999,,,0.0,129.81,33.111,5.37682,,,0.379587,POTENTIALLY_EFFECTIVE,[]
run_586,conv_igor_fedorov_04,igor_fedorov,known_use_case,isup_ticket_create_edit,completed,12.0,25.0,60.0,3.0,7.58,,,0.0,135.76,13.242,1.438494,,,0.687536,POTENTIALLY_EFFECTIVE,[]
run_593,conv_igor_fedorov_04,igor_fedorov,known_use_case,isup_project_status_monitoring,completed,15.0,30.0,75.0,3.0,8.06,,,0.0,121.68,18.194,2.738083,,,0.555773,POTENTIALLY_EFFECTIVE,[]
run_559,conv_igor_fedorov_05,igor_fedorov,,,completed,,,,3.0,8.33,,,0.0,124.77,,,,,,INSUFFICIENT_EVIDENCE,"[""economic_passport""]"
run_566,conv_igor_fedorov_05,igor_fedorov,,,completed,,,,3.0,9.9,,,0.0,129.15,,,,,,INSUFFICIENT_EVIDENCE,"[""economic_passport""]"
run_573,conv_igor_fedorov_05,igor_fedorov,known_use_case,email_to_project_ticket,completed,15.0,30.0,75.0,3.0,7.77,,,0.0,114.14,16.223,2.553312,,,0.61142,POTENTIALLY_EFFECTIVE,[]
run_580,conv_igor_fedorov_05,igor_fedorov,known_use_case,daily_email_digest,completed,25.0,45.0,90.0,3.0,10.270000000000001,,,0.0,132.41,32.973,5.225549,,,0.384964,POTENTIALLY_EFFECTIVE,[]
run_587,conv_igor_fedorov_05,igor_fedorov,known_use_case,isup_project_status_monitoring,completed,15.0,30.0,75.0,3.0,10.29,,,0.0,134.34,17.971,2.344313,,,0.580087,POTENTIALLY_EFFECTIVE,[]
run_594,conv_igor_fedorov_05,igor_fedorov,known_use_case,isup_ticket_create_edit,completed,12.0,25.0,60.0,3.0,10.21,,,0.0,135.91,12.979,1.387426,,,0.698296,POTENTIALLY_EFFECTIVE,[]
run_560,conv_igor_fedorov_06,igor_fedorov,,,completed,,,,3.0,7.91,,,0.0,127.33,,,,,,INSUFFICIENT_EVIDENCE,"[""economic_passport""]"
run_567,conv_igor_fedorov_06,igor_fedorov,,,completed,,,,3.0,10.22,,,0.0,127.73,,,,,,INSUFFICIENT_EVIDENCE,"[""economic_passport""]"
run_574,conv_igor_fedorov_06,igor_fedorov,known_use_case,daily_email_digest,completed,25.0,45.0,90.0,3.0,7.64,,,0.0,128.27,33.236,5.477742,,,0.37544,POTENTIALLY_EFFECTIVE,[]
run_581,conv_igor_fedorov_06,igor_fedorov,,,completed,,,,3.0,15.360000000000001,,,0.0,132.71,,,,,,INSUFFICIENT_EVIDENCE,"[""economic_passport""]"
run_588,conv_igor_fedorov_06,igor_fedorov,known_use_case,isup_project_status_monitoring,completed,15.0,30.0,75.0,3.0,8.8,,,0.0,120.2,18.12,2.768719,,,0.556267,POTENTIALLY_EFFECTIVE,[]
run_561,conv_igor_fedorov_07,igor_fedorov,known_use_case,group_common_slot,completed,20.0,45.0,120.0,3.0,12.71,,,0.0,127.63,28.0935,4.502919,,,0.489149,POTENTIALLY_EFFECTIVE,[]
run_568,conv_igor_fedorov_07,igor_fedorov,,,completed,,,,3.0,9.81,,,0.0,113.59,,,,,,INSUFFICIENT_EVIDENCE,"[""economic_passport""]"
run_575,conv_igor_fedorov_07,igor_fedorov,known_use_case,daily_email_digest,completed,25.0,45.0,90.0,3.0,10.21,,,0.0,130.88,32.979,5.299473,,,0.383471,POTENTIALLY_EFFECTIVE,[]
run_582,conv_igor_fedorov_07,igor_fedorov,known_use_case,email_to_project_ticket,completed,15.0,30.0,75.0,3.0,7.71,,,0.0,131.28,16.229,2.090532,,,0.634073,POTENTIALLY_EFFECTIVE,[]
run_589,conv_igor_fedorov_07,igor_fedorov,known_use_case,isup_ticket_create_edit,completed,12.0,25.0,60.0,3.0,8.45,,,0.0,134.38,13.155,1.447351,,,0.688808,POTENTIALLY_EFFECTIVE,[]
run_735,conv_irina_vasilieva_01,irina_vasilieva,cluster,26958b837d7d885ae5340b2b030ae4661dd7ca82f69015388ac4cffe1531075b,completed,,,,3.0,15.82,,,0.0,491.71,,,,,,INSUFFICIENT_EVIDENCE,"[""economic_passport""]"
run_739,conv_irina_vasilieva_01,irina_vasilieva,,,completed,,,,3.0,15.610000000000001,,,0.0,491.04,,,,,,INSUFFICIENT_EVIDENCE,"[""economic_passport""]"
run_743,conv_irina_vasilieva_01,irina_vasilieva,cluster,9c5fc6d87fcbd3c91e4f42f7571ddc23a1dfc2b7d40e3c403ea3d28898a33339,completed,18.0,35.0,70.0,3.0,15.76,,,0.0,478.33,23.212,0.213179,,,0.883463,HIGH_RISK,[]
run_747,conv_irina_vasilieva_01,irina_vasilieva,cluster,9c5fc6d87fcbd3c91e4f42f7571ddc23a1dfc2b7d40e3c403ea3d28898a33339,completed,18.0,35.0,70.0,3.0,15.01,,,0.0,493.69,23.2495,0.177333,,,0.899946,HIGH_RISK,[]
run_751,conv_irina_vasilieva_01,irina_vasilieva,,,completed,,,,3.0,12.18,,,0.0,496.75,,,,,,INSUFFICIENT_EVIDENCE,"[""economic_passport""]"
run_736,conv_irina_vasilieva_02,irina_vasilieva,cluster,175e48e660c00cdc0784597c0d33d9ab3639cb1bc68ddb03e15e350ad0277e00,completed,20.0,40.0,80.0,3.0,15.22,,,0.0,492.06,25.7824,0.309922,,,0.8475,HIGH_RISK,[]
run_740,conv_irina_vasilieva_02,irina_vasilieva,cluster,9c5fc6d87fcbd3c91e4f42f7571ddc23a1dfc2b7d40e3c403ea3d28898a33339,completed,18.0,35.0,70.0,3.0,12.21,,,0.0,493.6,23.3895,0.184638,,,0.895843,HIGH_RISK,[]
run_744,conv_irina_vasilieva_02,irina_vasilieva,cluster,9c5fc6d87fcbd3c91e4f42f7571ddc23a1dfc2b7d40e3c403ea3d28898a33339,completed,18.0,35.0,70.0,3.0,14.03,,,0.0,492.51,23.2985,0.182641,,,0.897197,HIGH_RISK,[]
run_748,conv_irina_vasilieva_02,irina_vasilieva,cluster,9c5fc6d87fcbd3c91e4f42f7571ddc23a1dfc2b7d40e3c403ea3d28898a33339,completed,18.0,35.0,70.0,3.0,14.31,,,0.0,479.61,23.2845,0.213721,,,0.882854,HIGH_RISK,[]
run_752,conv_irina_vasilieva_02,irina_vasilieva,cluster,3254733515f4fd9c0a2fad6d7b3e9b7e6b1fe3e52b7a9842f51a2d37c38d5892,completed,12.0,25.0,50.0,3.0,13.71,,,0.0,495.32,14.3145,-0.277513,,,1.219932,POTENTIALLY_INEFFECTIVE,[]
run_737,conv_irina_vasilieva_03,irina_vasilieva,cluster,9c5fc6d87fcbd3c91e4f42f7571ddc23a1dfc2b7d40e3c403ea3d28898a33339,completed,18.0,35.0,70.0,3.0,12.43,,,0.0,490.98,23.3785,0.1904,,,0.893163,HIGH_RISK,[]
run_741,conv_irina_vasilieva_03,irina_vasilieva,cluster,26958b837d7d885ae5340b2b030ae4661dd7ca82f69015388ac4cffe1531075b,completed,,,,3.0,12.29,,,0.0,493.6,,,,,,INSUFFICIENT_EVIDENCE,"[""economic_passport""]"
run_745,conv_irina_vasilieva_03,irina_vasilieva,cluster,9c5fc6d87fcbd3c91e4f42f7571ddc23a1dfc2b7d40e3c403ea3d28898a33339,completed,18.0,35.0,70.0,3.0,12.78,,,0.0,495.07,23.361,0.179682,,,0.898337,HIGH_RISK,[]
run_749,conv_irina_vasilieva_03,irina_vasilieva,cluster,26958b837d7d885ae5340b2b030ae4661dd7ca82f69015388ac4cffe1531075b,completed,,,,3.0,15.59,,,0.0,493.89,,,,,,INSUFFICIENT_EVIDENCE,"[""economic_passport""]"
run_753,conv_irina_vasilieva_03,irina_vasilieva,cluster,3254733515f4fd9c0a2fad6d7b3e9b7e6b1fe3e52b7a9842f51a2d37c38d5892,failed,12.0,25.0,50.0,3.0,7.989999999999999,,,0.0,480.89,14.6005,-0.240965,,,1.185404,POTENTIALLY_INEFFECTIVE,[]
run_738,conv_irina_vasilieva_04,irina_vasilieva,cluster,9c5fc6d87fcbd3c91e4f42f7571ddc23a1dfc2b7d40e3c403ea3d28898a33339,completed,18.0,35.0,70.0,3.0,12.81,,,0.0,476.85,23.3595,0.224678,,,0.877557,HIGH_RISK,[]
run_742,conv_irina_vasilieva_04,irina_vasilieva,cluster,9c5fc6d87fcbd3c91e4f42f7571ddc23a1dfc2b7d40e3c403ea3d28898a33339,completed,18.0,35.0,70.0,3.0,15.6,,,0.0,492.22,23.22,0.179351,,,0.899109,HIGH_RISK,[]
run_746,conv_irina_vasilieva_04,irina_vasilieva,cluster,9c5fc6d87fcbd3c91e4f42f7571ddc23a1dfc2b7d40e3c403ea3d28898a33339,completed,18.0,35.0,70.0,3.0,11.99,,,0.0,495.42,23.4005,0.180842,,,0.897609,HIGH_RISK,[]
run_750,conv_irina_vasilieva_04,irina_vasilieva,,,completed,,,,3.0,13.75,,,0.0,496.45,,,,,,INSUFFICIENT_EVIDENCE,"[""economic_passport""]"
run_754,conv_irina_vasilieva_04,irina_vasilieva,,,failed,,,,3.0,9.05,,,0.0,495.12,,,,,,INSUFFICIENT_EVIDENCE,"[""economic_passport""]"
run_283,conv_marina_sokolova_01,marina_sokolova,known_use_case,generic_excel_data_export,completed,10.0,20.0,45.0,3.0,6.1,,,0.0,45.14,10.39,4.75432,,,0.57078,POTENTIALLY_EFFECTIVE,[]
run_295,conv_marina_sokolova_01,marina_sokolova,known_use_case,generic_excel_data_export,completed,10.0,20.0,45.0,3.0,6.66,,,0.0,48.74,10.334,4.300574,,,0.58078,POTENTIALLY_EFFECTIVE,[]
run_307,conv_marina_sokolova_01,marina_sokolova,known_use_case,generic_excel_data_export,completed,10.0,20.0,45.0,3.0,5.91,,,0.0,41.4,10.409,5.285628,,,0.56235,POTENTIALLY_EFFECTIVE,[]
run_319,conv_marina_sokolova_01,marina_sokolova,known_use_case,generic_excel_data_export,completed,10.0,20.0,45.0,3.0,6.4399999999999995,,,0.0,44.45,10.356,4.824522,,,0.5711,POTENTIALLY_EFFECTIVE,[]
run_331,conv_marina_sokolova_01,marina_sokolova,known_use_case,supplier_blog_search,completed,15.0,35.0,75.0,3.0,10.22,,,0.0,41.31,22.978,12.905834,,,0.390697,POTENTIALLY_EFFECTIVE,[]
run_343,conv_marina_sokolova_01,marina_sokolova,known_use_case,confluence_process_search,completed,12.0,30.0,75.0,3.0,6.21,,,0.0,45.2,18.379,9.165376,,,0.447633,POTENTIALLY_EFFECTIVE,[]
run_284,conv_marina_sokolova_02,marina_sokolova,known_use_case,generic_excel_data_export,completed,10.0,20.0,45.0,3.0,5.510000000000001,,,0.0,43.17,10.449,5.051077,,,0.56389,POTENTIALLY_EFFECTIVE,[]
run_296,conv_marina_sokolova_02,marina_sokolova,known_use_case,generic_excel_data_export,completed,10.0,20.0,45.0,3.0,6.3,,,0.0,49.03,10.37,4.287579,,,0.57956,POTENTIALLY_EFFECTIVE,[]
run_308,conv_marina_sokolova_02,marina_sokolova,known_use_case,generic_excel_data_export,completed,10.0,20.0,45.0,3.0,5.59,,,0.0,43.42,10.441,5.011631,,,0.56479,POTENTIALLY_EFFECTIVE,[]
run_320,conv_marina_sokolova_02,marina_sokolova,known_use_case,generic_excel_data_export,completed,10.0,20.0,45.0,3.0,5.53,,,0.0,47.01,10.447,4.555733,,,0.57167,POTENTIALLY_EFFECTIVE,[]
run_332,conv_marina_sokolova_02,marina_sokolova,known_use_case,supplier_blog_search,completed,15.0,35.0,75.0,3.0,3.6599999999999997,,,0.0,39.88,23.634,13.815697,,,0.37032,POTENTIALLY_EFFECTIVE,[]
run_344,conv_marina_sokolova_02,marina_sokolova,known_use_case,confluence_process_search,completed,12.0,30.0,75.0,3.0,5.73,,,0.0,43.23,18.427,9.656373,,,0.443407,POTENTIALLY_EFFECTIVE,[]
run_285,conv_marina_sokolova_03,marina_sokolova,known_use_case,generic_excel_data_export,completed,10.0,20.0,45.0,3.0,5.22,,,0.0,45.73,10.478,4.728187,,,0.56756,POTENTIALLY_EFFECTIVE,[]
run_297,conv_marina_sokolova_03,marina_sokolova,known_use_case,analysis_results_excel_export,completed,12.0,25.0,60.0,3.0,5.55,,,0.0,47.61,13.445,6.059966,,,0.538376,POTENTIALLY_EFFECTIVE,[]
run_309,conv_marina_sokolova_03,marina_sokolova,known_use_case,generic_excel_data_export,completed,10.0,20.0,45.0,3.0,5.180000000000001,,,0.0,41.45,10.482,5.322075,,,0.5588,POTENTIALLY_EFFECTIVE,[]
run_321,conv_marina_sokolova_03,marina_sokolova,known_use_case,supplier_blog_search,completed,15.0,35.0,75.0,3.0,9.47,,,0.0,47.16,23.053,11.220632,,,0.39524,POTENTIALLY_EFFECTIVE,[]
run_333,conv_marina_sokolova_03,marina_sokolova,known_use_case,client_company_group_lookup,completed,60.0,120.0,240.0,3.0,4.7,,,0.0,41.9,91.06,53.331742,,,0.255133,POTENTIALLY_EFFECTIVE,[]
run_345,conv_marina_sokolova_03,marina_sokolova,known_use_case,confluence_process_search,completed,12.0,30.0,75.0,3.0,4.819999999999999,,,0.0,45.79,18.518,9.110286,,,0.443787,POTENTIALLY_EFFECTIVE,[]
run_286,conv_marina_sokolova_04,marina_sokolova,known_use_case,generic_excel_data_export,completed,10.0,20.0,45.0,3.0,4.85,,,0.0,46.03,10.515,4.710949,,,0.56631,POTENTIALLY_EFFECTIVE,[]
run_298,conv_marina_sokolova_04,marina_sokolova,known_use_case,generic_excel_data_export,completed,10.0,20.0,45.0,3.0,6.53,,,0.0,49.62,10.347,4.21312,,,0.58189,POTENTIALLY_EFFECTIVE,[]
run_310,conv_marina_sokolova_04,marina_sokolova,known_use_case,generic_excel_data_export,completed,10.0,20.0,45.0,3.0,5.52,,,0.0,44.06,10.448,4.92828,,,0.56572,POTENTIALLY_EFFECTIVE,[]
run_322,conv_marina_sokolova_04,marina_sokolova,known_use_case,client_company_group_lookup,completed,60.0,120.0,240.0,3.0,4.11,,,0.0,45.73,91.178,48.845834,,,0.255427,POTENTIALLY_EFFECTIVE,[]
run_334,conv_marina_sokolova_04,marina_sokolova,known_use_case,client_company_group_lookup,completed,60.0,120.0,240.0,3.0,4.6,,,0.0,39.93,91.08,56.024793,,,0.25431,POTENTIALLY_EFFECTIVE,[]
run_346,conv_marina_sokolova_04,marina_sokolova,known_use_case,confluence_process_search,completed,12.0,30.0,75.0,3.0,5.29,,,0.0,46.09,18.471,9.018985,,,0.445753,POTENTIALLY_EFFECTIVE,[]
run_287,conv_marina_sokolova_05,marina_sokolova,known_use_case,analysis_results_excel_export,completed,12.0,25.0,60.0,3.0,5.510000000000001,,,0.0,44.6,13.449,6.538677,,,0.5334,POTENTIALLY_EFFECTIVE,[]
run_299,conv_marina_sokolova_05,marina_sokolova,known_use_case,generic_excel_data_export,completed,10.0,20.0,45.0,3.0,5.819999999999999,,,0.0,47.65,10.418,4.465897,,,0.5744,POTENTIALLY_EFFECTIVE,[]
run_311,conv_marina_sokolova_05,marina_sokolova,known_use_case,generic_excel_data_export,completed,10.0,20.0,45.0,3.0,10.97,,,0.0,44.36,9.903,4.581041,,,0.59357,POTENTIALLY_EFFECTIVE,[]
run_323,conv_marina_sokolova_05,marina_sokolova,known_use_case,client_company_group_lookup,completed,60.0,120.0,240.0,3.0,5.2,,,0.0,47.75,90.96,46.623037,,,0.257917,POTENTIALLY_EFFECTIVE,[]
run_335,conv_marina_sokolova_05,marina_sokolova,known_use_case,client_company_group_lookup,completed,60.0,120.0,240.0,3.0,4.83,,,0.0,42.49,91.034,52.562015,,,0.255547,POTENTIALLY_EFFECTIVE,[]
run_347,conv_marina_sokolova_05,marina_sokolova,known_use_case,confluence_process_search,completed,12.0,30.0,75.0,3.0,6.16,,,0.0,44.66,18.384,9.291088,,,0.446747,POTENTIALLY_EFFECTIVE,[]
run_288,conv_marina_sokolova_06,marina_sokolova,known_use_case,generic_excel_data_export,completed,10.0,20.0,45.0,3.0,5.55,,,0.0,46.62,10.445,4.601137,,,0.57099,POTENTIALLY_EFFECTIVE,[]
run_300,conv_marina_sokolova_06,marina_sokolova,known_use_case,generic_excel_data_export,completed,10.0,20.0,45.0,3.0,6.680000000000001,,,0.0,50.21,10.332,4.144394,,,0.58382,POTENTIALLY_EFFECTIVE,[]
run_312,conv_marina_sokolova_06,marina_sokolova,known_use_case,generic_excel_data_export,completed,10.0,20.0,45.0,3.0,4.88,,,0.0,42.93,10.512,5.121593,,,0.56026,POTENTIALLY_EFFECTIVE,[]
run_324,conv_marina_sokolova_06,marina_sokolova,known_use_case,client_company_group_lookup,completed,60.0,120.0,240.0,3.0,5.36,,,0.0,45.78,90.928,48.654871,,,0.257527,POTENTIALLY_EFFECTIVE,[]
run_336,conv_marina_sokolova_06,marina_sokolova,known_use_case,client_company_group_lookup,completed,60.0,120.0,240.0,3.0,4.4399999999999995,,,0.0,42.79,91.112,52.232064,,,0.254997,POTENTIALLY_EFFECTIVE,[]
run_348,conv_marina_sokolova_06,marina_sokolova,known_use_case,confluence_process_search,completed,12.0,30.0,75.0,3.0,5.84,,,0.0,46.68,18.416,8.862896,,,0.448373,POTENTIALLY_EFFECTIVE,[]
run_289,conv_marina_sokolova_07,marina_sokolova,known_use_case,generic_excel_data_export,completed,10.0,20.0,45.0,3.0,6.5,,,0.0,44.65,10.35,4.795073,,,0.5718,POTENTIALLY_EFFECTIVE,[]
run_301,conv_marina_sokolova_07,marina_sokolova,known_use_case,generic_excel_data_export,completed,10.0,20.0,45.0,3.0,10.35,,,0.0,41.35,9.965,5.024788,,,0.58445,POTENTIALLY_EFFECTIVE,[]
run_313,conv_marina_sokolova_07,marina_sokolova,known_use_case,generic_excel_data_export,completed,10.0,20.0,45.0,3.0,5.77,,,0.0,44.95,10.423,4.796997,,,0.56875,POTENTIALLY_EFFECTIVE,[]
run_325,conv_marina_sokolova_07,marina_sokolova,known_use_case,client_company_group_lookup,completed,60.0,120.0,240.0,3.0,5.48,,,0.0,48.34,90.904,46.012826,,,0.25858,POTENTIALLY_EFFECTIVE,[]
run_337,conv_marina_sokolova_07,marina_sokolova,known_use_case,supplier_blog_search,completed,15.0,35.0,75.0,3.0,5.3100000000000005,,,0.0,41.36,23.469,13.185808,,,0.376726,POTENTIALLY_EFFECTIVE,[]
run_349,conv_marina_sokolova_07,marina_sokolova,known_use_case,confluence_process_search,completed,12.0,30.0,75.0,3.0,5.87,,,0.0,44.71,18.413,9.295795,,,0.445847,POTENTIALLY_EFFECTIVE,[]
run_290,conv_marina_sokolova_08,marina_sokolova,known_use_case,generic_excel_data_export,completed,10.0,20.0,45.0,3.0,5.84,,,0.0,47.26,10.416,4.509945,,,0.57372,POTENTIALLY_EFFECTIVE,[]
run_302,conv_marina_sokolova_08,marina_sokolova,known_use_case,generic_excel_data_export,completed,10.0,20.0,45.0,3.0,4.28,,,0.0,39.92,10.572,5.620741,,,0.55124,POTENTIALLY_EFFECTIVE,[]
run_314,conv_marina_sokolova_08,marina_sokolova,known_use_case,generic_excel_data_export,completed,10.0,20.0,45.0,3.0,4.73,,,0.0,42.98,10.527,5.123197,,,0.55961,POTENTIALLY_EFFECTIVE,[]
run_326,conv_marina_sokolova_08,marina_sokolova,known_use_case,client_company_group_lookup,completed,60.0,120.0,240.0,3.0,5.22,,,0.0,48.65,90.956,45.739979,,,0.25825,POTENTIALLY_EFFECTIVE,[]
run_338,conv_marina_sokolova_08,marina_sokolova,known_use_case,client_company_group_lookup,completed,60.0,120.0,240.0,3.0,4.8100000000000005,,,0.0,43.38,91.038,51.465422,,,0.25581,POTENTIALLY_EFFECTIVE,[]
run_350,conv_marina_sokolova_08,marina_sokolova,known_use_case,confluence_process_search,completed,12.0,30.0,75.0,3.0,5.62,,,0.0,47.32,18.438,8.741124,,,0.448493,POTENTIALLY_EFFECTIVE,[]
run_291,conv_marina_sokolova_09,marina_sokolova,known_use_case,generic_excel_data_export,completed,10.0,20.0,45.0,3.0,10.06,,,0.0,47.56,9.994,4.253364,,,0.59542,POTENTIALLY_EFFECTIVE,[]
run_303,conv_marina_sokolova_09,marina_sokolova,known_use_case,generic_excel_data_export,completed,10.0,20.0,45.0,3.0,4.33,,,0.0,41.94,10.567,5.298879,,,0.55553,POTENTIALLY_EFFECTIVE,[]
run_315,conv_marina_sokolova_09,marina_sokolova,known_use_case,generic_excel_data_export,completed,10.0,20.0,45.0,3.0,5.73,,,0.0,45.54,10.427,4.724089,,,0.56973,POTENTIALLY_EFFECTIVE,[]
run_327,conv_marina_sokolova_09,marina_sokolova,known_use_case,client_company_group_lookup,completed,60.0,120.0,240.0,3.0,4.87,,,0.0,47.22,91.026,47.192503,,,0.25719,POTENTIALLY_EFFECTIVE,[]
run_339,conv_marina_sokolova_09,marina_sokolova,known_use_case,client_company_group_lookup,completed,60.0,120.0,240.0,3.0,4.62,,,0.0,41.41,91.076,53.984303,,,0.254837,POTENTIALLY_EFFECTIVE,[]
run_351,conv_marina_sokolova_09,marina_sokolova,known_use_case,confluence_process_search,completed,12.0,30.0,75.0,3.0,10.45,,,0.0,47.62,17.955,8.426186,,,0.464993,POTENTIALLY_EFFECTIVE,[]
run_292,conv_marina_sokolova_10,marina_sokolova,known_use_case,analysis_results_excel_export,completed,12.0,25.0,60.0,3.0,5.7,,,0.0,46.13,13.43,6.278344,,,0.536608,POTENTIALLY_EFFECTIVE,[]
run_304,conv_marina_sokolova_10,marina_sokolova,known_use_case,generic_excel_data_export,completed,10.0,20.0,45.0,3.0,5.08,,,0.0,39.97,10.492,5.562422,,,0.55534,POTENTIALLY_EFFECTIVE,[]
run_316,conv_marina_sokolova_10,marina_sokolova,known_use_case,generic_excel_data_export,completed,10.0,20.0,45.0,3.0,5.88,,,0.0,45.83,10.412,4.679686,,,0.57106,POTENTIALLY_EFFECTIVE,[]
run_328,conv_marina_sokolova_10,marina_sokolova,known_use_case,client_company_group_lookup,completed,60.0,120.0,240.0,3.0,4.71,,,0.0,49.24,91.058,45.231722,,,0.257597,POTENTIALLY_EFFECTIVE,[]
run_340,conv_marina_sokolova_10,marina_sokolova,known_use_case,client_company_group_lookup,completed,60.0,120.0,240.0,3.0,4.510000000000001,,,0.0,43.97,91.098,50.795542,,,0.255507,POTENTIALLY_EFFECTIVE,[]
run_352,conv_marina_sokolova_10,marina_sokolova,known_use_case,confluence_process_search,completed,12.0,30.0,75.0,3.0,5.34,,,0.0,46.19,18.466,8.994588,,,0.446053,POTENTIALLY_EFFECTIVE,[]
run_293,conv_marina_sokolova_11,marina_sokolova,known_use_case,generic_excel_data_export,completed,10.0,20.0,45.0,3.0,5.36,,,0.0,48.15,10.464,4.433022,,,0.5731,POTENTIALLY_EFFECTIVE,[]
run_305,conv_marina_sokolova_11,marina_sokolova,known_use_case,generic_excel_data_export,completed,10.0,20.0,45.0,3.0,5.17,,,0.0,42.53,10.483,5.162121,,,0.56091,POTENTIALLY_EFFECTIVE,[]
run_317,conv_marina_sokolova_11,marina_sokolova,known_use_case,generic_excel_data_export,completed,10.0,20.0,45.0,3.0,5.25,,,0.0,44.4,10.475,4.898086,,,0.56505,POTENTIALLY_EFFECTIVE,[]
run_329,conv_marina_sokolova_11,marina_sokolova,known_use_case,client_company_group_lookup,completed,60.0,120.0,240.0,3.0,5.069999999999999,,,0.0,47.27,90.986,47.120372,,,0.25754,POTENTIALLY_EFFECTIVE,[]
run_341,conv_marina_sokolova_11,marina_sokolova,known_use_case,confluence_process_search,completed,12.0,30.0,75.0,3.0,10.44,,,0.0,44.61,17.956,9.062766,,,0.460947,POTENTIALLY_EFFECTIVE,[]
run_294,conv_marina_sokolova_12,marina_sokolova,known_use_case,generic_excel_data_export,completed,10.0,20.0,45.0,3.0,6.489999999999999,,,0.0,46.18,10.351,4.603616,,,0.57481,POTENTIALLY_EFFECTIVE,[]
run_306,conv_marina_sokolova_12,marina_sokolova,known_use_case,generic_excel_data_export,completed,10.0,20.0,45.0,3.0,4.75,,,0.0,42.83,10.525,5.143474,,,0.55941,POTENTIALLY_EFFECTIVE,[]
run_318,conv_marina_sokolova_12,marina_sokolova,known_use_case,generic_excel_data_export,completed,10.0,20.0,45.0,3.0,5.36,,,0.0,46.42,10.464,4.635502,,,0.56964,POTENTIALLY_EFFECTIVE,[]
run_330,conv_marina_sokolova_12,marina_sokolova,known_use_case,client_company_group_lookup,completed,60.0,120.0,240.0,3.0,5.78,,,0.0,49.88,90.844,44.531275,,,0.259593,POTENTIALLY_EFFECTIVE,[]
run_342,conv_marina_sokolova_12,marina_sokolova,known_use_case,confluence_process_search,completed,12.0,30.0,75.0,3.0,5.45,,,0.0,43.18,18.455,9.684924,,,0.442407,POTENTIALLY_EFFECTIVE,[]
run_711,conv_mikhail_popov_01,mikhail_popov,cluster,26958b837d7d885ae5340b2b030ae4661dd7ca82f69015388ac4cffe1531075b,completed,,,,3.0,15.370000000000001,,,0.0,468.1,,,,,,INSUFFICIENT_EVIDENCE,"[""economic_passport""]"
run_715,conv_mikhail_popov_01,mikhail_popov,cluster,0f4f6aaa02f3184ced18d0b8e39fb7d6dc154e466b7d1f2212e318a6e2932c4f,completed,30.0,55.0,110.0,3.0,11.74,,,0.0,468.98,38.826,1.069704,,,0.635149,POTENTIALLY_EFFECTIVE,[]
run_719,conv_mikhail_popov_01,mikhail_popov,cluster,26958b837d7d885ae5340b2b030ae4661dd7ca82f69015388ac4cffe1531075b,completed,,,,3.0,15.29,,,0.0,467.91,,,,,,INSUFFICIENT_EVIDENCE,"[""economic_passport""]"
run_723,conv_mikhail_popov_01,mikhail_popov,cluster,0f4f6aaa02f3184ced18d0b8e39fb7d6dc154e466b7d1f2212e318a6e2932c4f,completed,30.0,55.0,110.0,3.0,12.91,,,0.0,454.96,38.709,1.127055,,,0.62708,POTENTIALLY_EFFECTIVE,[]
run_727,conv_mikhail_popov_01,mikhail_popov,cluster,175e48e660c00cdc0784597c0d33d9ab3639cb1bc68ddb03e15e350ad0277e00,completed,20.0,40.0,80.0,3.0,13.57,,,0.0,470.91,25.9144,0.375762,,,0.82305,HIGH_RISK,[]
run_731,conv_mikhail_popov_01,mikhail_popov,cluster,26958b837d7d885ae5340b2b030ae4661dd7ca82f69015388ac4cffe1531075b,completed,,,,3.0,14.46,,,0.0,473.82,,,,,,INSUFFICIENT_EVIDENCE,"[""economic_passport""]"
run_712,conv_mikhail_popov_02,mikhail_popov,,,completed,,,,3.0,15.15,,,0.0,466.72,,,,,,INSUFFICIENT_EVIDENCE,"[""economic_passport""]"
run_716,conv_mikhail_popov_02,mikhail_popov,cluster,0f4f6aaa02f3184ced18d0b8e39fb7d6dc154e466b7d1f2212e318a6e2932c4f,completed,30.0,55.0,110.0,3.0,14.2,,,0.0,469.28,38.58,1.055276,,,0.63984,POTENTIALLY_EFFECTIVE,[]
run_720,conv_mikhail_popov_02,mikhail_popov,cluster,0f4f6aaa02f3184ced18d0b8e39fb7d6dc154e466b7d1f2212e318a6e2932c4f,completed,30.0,55.0,110.0,3.0,13.05,,,0.0,470.47,38.695,1.056188,,,0.638615,POTENTIALLY_EFFECTIVE,[]
run_724,conv_mikhail_popov_02,mikhail_popov,cluster,0f4f6aaa02f3184ced18d0b8e39fb7d6dc154e466b7d1f2212e318a6e2932c4f,completed,30.0,55.0,110.0,3.0,15.0,,,0.0,469.19,38.5,1.051408,,,0.641229,POTENTIALLY_EFFECTIVE,[]
run_728,conv_mikhail_popov_02,mikhail_popov,cluster,175e48e660c00cdc0784597c0d33d9ab3639cb1bc68ddb03e15e350ad0277e00,completed,20.0,40.0,80.0,3.0,12.370000000000001,,,0.0,456.78,26.0104,0.423574,,,0.80652,HIGH_RISK,[]
run_732,conv_mikhail_popov_02,mikhail_popov,cluster,175e48e660c00cdc0784597c0d33d9ab3639cb1bc68ddb03e15e350ad0277e00,completed,20.0,40.0,80.0,3.0,11.06,,,0.0,472.39,26.1152,0.382078,,,0.81951,HIGH_RISK,[]
run_713,conv_mikhail_popov_03,mikhail_popov,cluster,0f4f6aaa02f3184ced18d0b8e39fb7d6dc154e466b7d1f2212e318a6e2932c4f,completed,30.0,55.0,110.0,3.0,14.49,,,0.0,452.24,38.551,1.131114,,,0.627975,POTENTIALLY_EFFECTIVE,[]
run_717,conv_mikhail_popov_03,mikhail_popov,cluster,0f4f6aaa02f3184ced18d0b8e39fb7d6dc154e466b7d1f2212e318a6e2932c4f,completed,30.0,55.0,110.0,3.0,11.47,,,0.0,467.56,38.853,1.077434,,,0.633625,POTENTIALLY_EFFECTIVE,[]
run_721,conv_mikhail_popov_03,mikhail_popov,cluster,0f4f6aaa02f3184ced18d0b8e39fb7d6dc154e466b7d1f2212e318a6e2932c4f,completed,30.0,55.0,110.0,3.0,16.21,,,0.0,470.77,38.379,1.038097,,,0.644578,POTENTIALLY_EFFECTIVE,[]
run_725,conv_mikhail_popov_03,mikhail_popov,cluster,26958b837d7d885ae5340b2b030ae4661dd7ca82f69015388ac4cffe1531075b,completed,,,,3.0,14.75,,,0.0,472.05,,,,,,INSUFFICIENT_EVIDENCE,"[""economic_passport""]"
run_729,conv_mikhail_popov_03,mikhail_popov,cluster,26958b837d7d885ae5340b2b030ae4661dd7ca82f69015388ac4cffe1531075b,completed,,,,3.0,11.479999999999999,,,0.0,470.62,,,,,,INSUFFICIENT_EVIDENCE,"[""economic_passport""]"
run_733,conv_mikhail_popov_03,mikhail_popov,cluster,175e48e660c00cdc0784597c0d33d9ab3639cb1bc68ddb03e15e350ad0277e00,completed,20.0,40.0,80.0,3.0,13.58,,,0.0,458.26,25.9136,0.413695,,,0.81042,HIGH_RISK,[]
run_714,conv_mikhail_popov_04,mikhail_popov,cluster,0f4f6aaa02f3184ced18d0b8e39fb7d6dc154e466b7d1f2212e318a6e2932c4f,completed,30.0,55.0,110.0,3.0,14.67,,,0.0,466.42,38.533,1.06536,,,0.638615,POTENTIALLY_EFFECTIVE,[]
run_718,conv_mikhail_popov_04,mikhail_popov,cluster,0f4f6aaa02f3184ced18d0b8e39fb7d6dc154e466b7d1f2212e318a6e2932c4f,completed,30.0,55.0,110.0,3.0,15.78,,,0.0,453.48,38.422,1.118175,,,0.631222,POTENTIALLY_EFFECTIVE,[]
run_722,conv_mikhail_popov_04,mikhail_popov,cluster,0f4f6aaa02f3184ced18d0b8e39fb7d6dc154e466b7d1f2212e318a6e2932c4f,completed,30.0,55.0,110.0,3.0,12.06,,,0.0,469.39,38.794,1.066192,,,0.636029,POTENTIALLY_EFFECTIVE,[]
run_726,conv_mikhail_popov_04,mikhail_popov,cluster,175e48e660c00cdc0784597c0d33d9ab3639cb1bc68ddb03e15e350ad0277e00,completed,20.0,40.0,80.0,3.0,11.26,,,0.0,472.34,26.0992,0.381378,,,0.81986,HIGH_RISK,[]
run_730,conv_mikhail_popov_04,mikhail_popov,cluster,175e48e660c00cdc0784597c0d33d9ab3639cb1bc68ddb03e15e350ad0277e00,completed,20.0,40.0,80.0,3.0,11.08,,,0.0,473.28,26.1136,0.379395,,,0.82044,HIGH_RISK,[]
run_734,conv_mikhail_popov_04,mikhail_popov,cluster,175e48e660c00cdc0784597c0d33d9ab3639cb1bc68ddb03e15e350ad0277e00,completed,20.0,40.0,80.0,3.0,13.26,,,0.0,472.49,25.9392,0.372473,,,0.82401,HIGH_RISK,[]
run_511,conv_natalia_lebedeva_01,natalia_lebedeva,known_use_case,group_common_slot,completed,20.0,45.0,120.0,3.0,15.43,,,0.0,134.52,27.6855,4.145239,,,0.50434,POTENTIALLY_EFFECTIVE,[]
run_519,conv_natalia_lebedeva_01,natalia_lebedeva,,,completed,,,,3.0,8.07,,,0.0,134.62,,,,,,INSUFFICIENT_EVIDENCE,"[""economic_passport""]"
run_527,conv_natalia_lebedeva_01,natalia_lebedeva,known_use_case,meeting_body_information,completed,5.0,12.0,30.0,3.0,9.41,,,0.0,137.62,5.5295,0.004487,,,0.997942,HIGH_RISK,[]
run_535,conv_natalia_lebedeva_01,natalia_lebedeva,,,completed,,,,3.0,10.35,,,0.0,141.77,,,,,,INSUFFICIENT_EVIDENCE,"[""economic_passport""]"
run_543,conv_natalia_lebedeva_01,natalia_lebedeva,known_use_case,followup_reminders,completed,18.0,35.0,90.0,3.0,8.8,,,0.0,101.83,21.12,4.185112,,,0.512949,POTENTIALLY_EFFECTIVE,[]
run_551,conv_natalia_lebedeva_01,natalia_lebedeva,known_use_case,group_common_slot,completed,20.0,45.0,120.0,3.0,14.4,,,0.0,120.4,27.84,4.780731,,,0.488356,POTENTIALLY_EFFECTIVE,[]
run_512,conv_natalia_lebedeva_02,natalia_lebedeva,,,completed,,,,3.0,9.31,,,0.0,133.09,,,,,,INSUFFICIENT_EVIDENCE,"[""economic_passport""]"
run_520,conv_natalia_lebedeva_02,natalia_lebedeva,,,completed,,,,3.0,8.52,,,0.0,137.18,,,,,,INSUFFICIENT_EVIDENCE,"[""economic_passport""]"
run_528,conv_natalia_lebedeva_02,natalia_lebedeva,known_use_case,meeting_body_information,completed,5.0,12.0,30.0,3.0,10.58,,,0.0,123.49,5.471,0.10758,,,0.955717,HIGH_RISK,[]
run_536,conv_natalia_lebedeva_02,natalia_lebedeva,,,completed,,,,3.0,7.98,,,0.0,142.06,,,,,,INSUFFICIENT_EVIDENCE,"[""economic_passport""]"
run_544,conv_natalia_lebedeva_02,natalia_lebedeva,,,completed,,,,3.0,8.24,,,0.0,116.02,,,,,,INSUFFICIENT_EVIDENCE,"[""economic_passport""]"
run_552,conv_natalia_lebedeva_02,natalia_lebedeva,known_use_case,followup_reminders,completed,18.0,35.0,90.0,3.0,7.12,,,0.0,118.97,21.288,3.473397,,,0.527737,POTENTIALLY_EFFECTIVE,[]
run_513,conv_natalia_lebedeva_03,natalia_lebedeva,,,completed,,,,3.0,9.57,,,0.0,118.96,,,,,,INSUFFICIENT_EVIDENCE,"[""economic_passport""]"
run_521,conv_natalia_lebedeva_03,natalia_lebedeva,known_use_case,group_common_slot,completed,20.0,45.0,120.0,3.0,16.04,,,0.0,137.57,27.594,4.014538,,,0.509084,POTENTIALLY_EFFECTIVE,[]
run_529,conv_natalia_lebedeva_03,natalia_lebedeva,,,completed,,,,3.0,10.26,,,0.0,137.67,,,,,,INSUFFICIENT_EVIDENCE,"[""economic_passport""]"
run_537,conv_natalia_lebedeva_03,natalia_lebedeva,known_use_case,followup_reminders,completed,18.0,35.0,90.0,3.0,8.08,,,0.0,141.08,21.192,2.755316,,,0.555749,POTENTIALLY_EFFECTIVE,[]
run_545,conv_natalia_lebedeva_03,natalia_lebedeva,,,completed,,,,3.0,8.389999999999999,,,0.0,118.58,,,,,,INSUFFICIENT_EVIDENCE,"[""economic_passport""]"
run_553,conv_natalia_lebedeva_03,natalia_lebedeva,,,completed,,,,3.0,9.93,,,0.0,104.49,,,,,,INSUFFICIENT_EVIDENCE,"[""economic_passport""]"
run_514,conv_natalia_lebedeva_04,natalia_lebedeva,,,completed,,,,3.0,7.6899999999999995,,,0.0,133.14,,,,,,INSUFFICIENT_EVIDENCE,"[""economic_passport""]"
run_522,conv_natalia_lebedeva_04,natalia_lebedeva,known_use_case,meeting_body_information,completed,5.0,12.0,30.0,3.0,10.17,,,0.0,136.15,5.4915,0.008355,,,0.996208,HIGH_RISK,[]
run_530,conv_natalia_lebedeva_04,natalia_lebedeva,,,completed,,,,3.0,9.520000000000001,,,0.0,140.29,,,,,,INSUFFICIENT_EVIDENCE,"[""economic_passport""]"
run_538,conv_natalia_lebedeva_04,natalia_lebedeva,known_use_case,followup_reminders,completed,18.0,35.0,90.0,3.0,8.65,,,0.0,126.95,21.135,3.162072,,,0.541229,POTENTIALLY_EFFECTIVE,[]
run_546,conv_natalia_lebedeva_04,natalia_lebedeva,,,completed,,,,3.0,7.11,,,0.0,118.92,,,,,,INSUFFICIENT_EVIDENCE,"[""economic_passport""]"
run_554,conv_natalia_lebedeva_04,natalia_lebedeva,,,completed,,,,3.0,7.66,,,0.0,118.68,,,,,,INSUFFICIENT_EVIDENCE,"[""economic_passport""]"
run_515,conv_natalia_lebedeva_05,natalia_lebedeva,,,completed,,,,3.0,9.32,,,0.0,135.7,,,,,,INSUFFICIENT_EVIDENCE,"[""economic_passport""]"
run_523,conv_natalia_lebedeva_05,natalia_lebedeva,known_use_case,meeting_body_information,completed,5.0,12.0,30.0,3.0,8.93,,,0.0,122.01,5.5535,0.137919,,,0.943908,HIGH_RISK,[]
run_531,conv_natalia_lebedeva_05,natalia_lebedeva,known_use_case,group_common_slot,completed,20.0,45.0,120.0,3.0,15.04,,,0.0,140.59,27.744,3.933495,,,0.508436,POTENTIALLY_EFFECTIVE,[]
run_539,conv_natalia_lebedeva_05,natalia_lebedeva,,,completed,,,,3.0,8.76,,,0.0,141.13,,,,,,INSUFFICIENT_EVIDENCE,"[""economic_passport""]"
run_547,conv_natalia_lebedeva_05,natalia_lebedeva,known_use_case,followup_reminders,completed,18.0,35.0,90.0,3.0,9.870000000000001,,,0.0,117.49,21.013,3.471232,,,0.533903,POTENTIALLY_EFFECTIVE,[]
run_516,conv_natalia_lebedeva_06,natalia_lebedeva,,,completed,,,,3.0,8.879999999999999,,,0.0,136.0,,,,,,INSUFFICIENT_EVIDENCE,"[""economic_passport""]"
run_524,conv_natalia_lebedeva_06,natalia_lebedeva,,,completed,,,,3.0,10.1,,,0.0,136.2,,,,,,INSUFFICIENT_EVIDENCE,"[""economic_passport""]"
run_532,conv_natalia_lebedeva_06,natalia_lebedeva,known_use_case,meeting_body_information,completed,5.0,12.0,30.0,3.0,8.860000000000001,,,0.0,139.16,5.557,-0.001689,,,1.000783,POTENTIALLY_INEFFECTIVE,[]
run_540,conv_natalia_lebedeva_06,natalia_lebedeva,,,completed,,,,3.0,10.979999999999999,,,0.0,143.69,,,,,,INSUFFICIENT_EVIDENCE,"[""economic_passport""]"
run_548,conv_natalia_lebedeva_06,natalia_lebedeva,known_use_case,followup_reminders,completed,18.0,35.0,90.0,3.0,8.34,,,0.0,103.36,21.166,4.119485,,,0.513383,POTENTIALLY_EFFECTIVE,[]
run_517,conv_natalia_lebedeva_07,natalia_lebedeva,,,completed,,,,3.0,9.770000000000001,,,0.0,134.57,,,,,,INSUFFICIENT_EVIDENCE,"[""economic_passport""]"
run_525,conv_natalia_lebedeva_07,natalia_lebedeva,,,completed,,,,3.0,9.5,,,0.0,138.76,,,,,,INSUFFICIENT_EVIDENCE,"[""economic_passport""]"
run_533,conv_natalia_lebedeva_07,natalia_lebedeva,known_use_case,meeting_body_information,completed,5.0,12.0,30.0,3.0,9.379999999999999,,,0.0,125.03,5.531,0.105935,,,0.95585,HIGH_RISK,[]
run_541,conv_natalia_lebedeva_07,natalia_lebedeva,known_use_case,group_common_slot,completed,20.0,45.0,120.0,3.0,14.59,,,0.0,117.39,27.8115,4.922885,,,0.486313,POTENTIALLY_EFFECTIVE,[]
run_549,conv_natalia_lebedeva_07,natalia_lebedeva,,,completed,,,,3.0,8.82,,,0.0,117.54,,,,,,INSUFFICIENT_EVIDENCE,"[""economic_passport""]"
run_518,conv_natalia_lebedeva_08,natalia_lebedeva,,,completed,,,,3.0,10.0,,,0.0,120.44,,,,,,INSUFFICIENT_EVIDENCE,"[""economic_passport""]"
run_526,conv_natalia_lebedeva_08,natalia_lebedeva,,,completed,,,,3.0,9.95,,,0.0,139.05,,,,,,INSUFFICIENT_EVIDENCE,"[""economic_passport""]"
run_534,conv_natalia_lebedeva_08,natalia_lebedeva,,,completed,,,,3.0,8.5,,,0.0,139.21,,,,,,INSUFFICIENT_EVIDENCE,"[""economic_passport""]"
run_542,conv_natalia_lebedeva_08,natalia_lebedeva,known_use_case,followup_reminders,completed,18.0,35.0,90.0,3.0,8.4,,,0.0,115.97,21.16,3.561525,,,0.527966,POTENTIALLY_EFFECTIVE,[]
run_550,conv_natalia_lebedeva_08,natalia_lebedeva,,,completed,,,,3.0,7.16,,,0.0,120.1,,,,,,INSUFFICIENT_EVIDENCE,"[""economic_passport""]"
run_797,conv_nikita_andreev_01,nikita_andreev,,,cancelled,,,,3.0,45.0,,,0.0,30052.71,,,,,,INSUFFICIENT_EVIDENCE,"[""economic_passport""]"
run_798,conv_nikita_andreev_01,nikita_andreev,cluster,ef929cde84c69d4c87c1ede855119db14b99ad87292aacce89b42317c2c08739,cancelled,,,,3.0,45.0,,,0.0,30038.33,,,,,,INSUFFICIENT_EVIDENCE,"[""economic_passport""]"
run_799,conv_nikita_andreev_01,nikita_andreev,known_use_case,jira_assigned_tasks,cancelled,5.0,12.0,25.0,3.0,53.51,,,0.0,30051.09,3.3245,-0.997234,,,100.893258,IMPOSSIBLE_TO_BREAK_EVEN,[]
run_800,conv_nikita_andreev_01,nikita_andreev,,,cancelled,,,,3.0,45.0,,,0.0,30053.95,,,,,,INSUFFICIENT_EVIDENCE,"[""economic_passport""]"
run_411,conv_olga_morozova_01,olga_morozova,known_use_case,personal_task_history,completed,7.0,15.0,30.0,3.0,6.010000000000001,,,0.0,57.28,7.6995,2.360466,,,0.639447,POTENTIALLY_EFFECTIVE,[]
run_420,conv_olga_morozova_01,olga_morozova,known_use_case,personal_task_history,completed,7.0,15.0,30.0,3.0,5.260000000000001,,,0.0,59.99,7.737,2.224287,,,0.644173,POTENTIALLY_EFFECTIVE,[]
run_429,conv_olga_morozova_01,olga_morozova,,,completed,,,,3.0,4.75,,,0.0,52.21,,,,,,INSUFFICIENT_EVIDENCE,"[""economic_passport""]"
run_438,conv_olga_morozova_01,olga_morozova,,,completed,,,,3.0,5.9,,,0.0,57.19,,,,,,INSUFFICIENT_EVIDENCE,"[""economic_passport""]"
run_447,conv_olga_morozova_01,olga_morozova,known_use_case,client_thread_reply,completed,25.0,50.0,120.0,3.0,5.54,,,0.0,57.83,31.446,12.594155,,,0.417344,POTENTIALLY_EFFECTIVE,[]
run_456,conv_olga_morozova_01,olga_morozova,known_use_case,client_thread_reply,completed,25.0,50.0,120.0,3.0,5.47,,,0.0,53.4,31.453,13.725187,,,0.41366,POTENTIALLY_EFFECTIVE,[]
run_412,conv_olga_morozova_02,olga_morozova,known_use_case,personal_task_history,completed,7.0,15.0,30.0,3.0,4.11,,,0.0,55.85,7.7945,2.489033,,,0.6293,POTENTIALLY_EFFECTIVE,[]
run_421,conv_olga_morozova_02,olga_morozova,known_use_case,meeting_room_search,completed,10.0,20.0,45.0,3.0,6.5,,,0.0,52.11,11.35,4.445212,,,0.53672,POTENTIALLY_EFFECTIVE,[]
run_430,conv_olga_morozova_02,olga_morozova,,,completed,,,,3.0,5.97,,,0.0,54.82,,,,,,INSUFFICIENT_EVIDENCE,"[""economic_passport""]"
run_439,conv_olga_morozova_02,olga_morozova,,,completed,,,,3.0,6.61,,,0.0,55.22,,,,,,INSUFFICIENT_EVIDENCE,"[""economic_passport""]"
run_448,conv_olga_morozova_02,olga_morozova,known_use_case,client_thread_reply,completed,25.0,50.0,120.0,3.0,6.680000000000001,,,0.0,43.65,31.332,16.945017,,,0.40828,POTENTIALLY_EFFECTIVE,[]
run_457,conv_olga_morozova_02,olga_morozova,known_use_case,client_thread_reply,completed,25.0,50.0,120.0,3.0,5.98,,,0.0,51.97,31.402,14.10583,,,0.413536,POTENTIALLY_EFFECTIVE,[]
run_413,conv_olga_morozova_03,olga_morozova,known_use_case,personal_task_history,completed,7.0,15.0,30.0,3.0,5.39,,,0.0,57.87,7.7305,2.339597,,,0.638953,POTENTIALLY_EFFECTIVE,[]
run_422,conv_olga_morozova_03,olga_morozova,,,completed,,,,3.0,4.41,,,0.0,50.68,,,,,,INSUFFICIENT_EVIDENCE,"[""economic_passport""]"
run_431,conv_olga_morozova_03,olga_morozova,known_use_case,meeting_room_search,completed,10.0,20.0,45.0,3.0,6.54,,,0.0,55.11,11.346,4.146979,,,0.54292,POTENTIALLY_EFFECTIVE,[]
run_440,conv_olga_morozova_03,olga_morozova,,,completed,,,,3.0,5.6899999999999995,,,0.0,57.78,,,,,,INSUFFICIENT_EVIDENCE,"[""economic_passport""]"
run_449,conv_olga_morozova_03,olga_morozova,known_use_case,client_thread_reply,completed,25.0,50.0,120.0,3.0,5.510000000000001,,,0.0,57.88,31.449,12.583708,,,0.417324,POTENTIALLY_EFFECTIVE,[]
run_458,conv_olga_morozova_03,olga_morozova,known_use_case,client_thread_reply,completed,25.0,50.0,120.0,3.0,4.73,,,0.0,53.99,31.527,13.598537,,,0.412652,POTENTIALLY_EFFECTIVE,[]
run_414,conv_olga_morozova_04,olga_morozova,known_use_case,personal_task_history,completed,7.0,15.0,30.0,3.0,5.1,,,0.0,55.9,7.745,2.463775,,,0.632733,POTENTIALLY_EFFECTIVE,[]
run_423,conv_olga_morozova_04,olga_morozova,,,completed,,,,3.0,5.13,,,0.0,52.7,,,,,,INSUFFICIENT_EVIDENCE,"[""economic_passport""]"
run_432,conv_olga_morozova_04,olga_morozova,,,completed,,,,3.0,4.86,,,0.0,53.69,,,,,,INSUFFICIENT_EVIDENCE,"[""economic_passport""]"
run_441,conv_olga_morozova_04,olga_morozova,known_use_case,client_thread_reply,completed,25.0,50.0,120.0,3.0,11.7,,,0.0,57.78,30.83,12.339391,,,0.429624,POTENTIALLY_EFFECTIVE,[]
run_450,conv_olga_morozova_04,olga_morozova,known_use_case,client_thread_reply,completed,25.0,50.0,120.0,3.0,6.5,,,0.0,60.49,31.35,11.956687,,,0.421392,POTENTIALLY_EFFECTIVE,[]
run_459,conv_olga_morozova_04,olga_morozova,known_use_case,client_thread_reply,completed,25.0,50.0,120.0,3.0,4.72,,,0.0,52.02,31.528,14.151865,,,0.411056,POTENTIALLY_EFFECTIVE,[]
run_415,conv_olga_morozova_05,olga_morozova,known_use_case,personal_task_history,completed,7.0,15.0,30.0,3.0,5.03,,,0.0,58.51,7.7485,2.310759,,,0.63946,POTENTIALLY_EFFECTIVE,[]
run_424,conv_olga_morozova_05,olga_morozova,,,completed,,,,3.0,5.59,,,0.0,50.73,,,,,,INSUFFICIENT_EVIDENCE,"[""economic_passport""]"
run_433,conv_olga_morozova_05,olga_morozova,,,completed,,,,3.0,6.4,,,0.0,55.71,,,,,,INSUFFICIENT_EVIDENCE,"[""economic_passport""]"
run_442,conv_olga_morozova_05,olga_morozova,known_use_case,client_thread_reply,completed,25.0,50.0,120.0,3.0,5.3,,,0.0,56.36,31.47,12.959368,,,0.415688,POTENTIALLY_EFFECTIVE,[]
run_451,conv_olga_morozova_05,olga_morozova,known_use_case,client_thread_reply,completed,25.0,50.0,120.0,3.0,11.0,,,0.0,51.92,30.9,13.878659,,,0.423536,POTENTIALLY_EFFECTIVE,[]
run_460,conv_olga_morozova_05,olga_morozova,known_use_case,client_thread_reply,completed,25.0,50.0,120.0,3.0,5.85,,,0.0,54.58,31.415,13.389428,,,0.415364,POTENTIALLY_EFFECTIVE,[]
run_416,conv_olga_morozova_06,olga_morozova,known_use_case,personal_task_history,completed,7.0,15.0,30.0,3.0,5.260000000000001,,,0.0,58.76,7.737,2.29178,,,0.640893,POTENTIALLY_EFFECTIVE,[]
run_425,conv_olga_morozova_06,olga_morozova,,,completed,,,,3.0,4.9,,,0.0,53.29,,,,,,INSUFFICIENT_EVIDENCE,"[""economic_passport""]"
run_434,conv_olga_morozova_06,olga_morozova,,,completed,,,,3.0,5.03,,,0.0,53.74,,,,,,INSUFFICIENT_EVIDENCE,"[""economic_passport""]"
run_443,conv_olga_morozova_06,olga_morozova,known_use_case,client_thread_reply,completed,25.0,50.0,120.0,3.0,6.180000000000001,,,0.0,58.37,31.382,12.44098,,,0.419056,POTENTIALLY_EFFECTIVE,[]
run_452,conv_olga_morozova_06,olga_morozova,known_use_case,client_thread_reply,completed,25.0,50.0,120.0,3.0,5.65,,,0.0,50.5,31.435,14.561881,,,0.4117,POTENTIALLY_EFFECTIVE,[]
run_461,conv_olga_morozova_06,olga_morozova,cluster,9f9c6677e88abd39f165f84911bc138adccbe18c432bc050f292428c9a053184,completed,,,,3.0,10.57,,,0.0,55.37,,,,,,INSUFFICIENT_EVIDENCE,"[""economic_passport""]"
run_417,conv_olga_morozova_07,olga_morozova,known_use_case,personal_task_history,completed,7.0,15.0,30.0,3.0,4.8100000000000005,,,0.0,57.33,7.7595,2.3837,,,0.63558,POTENTIALLY_EFFECTIVE,[]
run_426,conv_olga_morozova_07,olga_morozova,,,completed,,,,3.0,5.13,,,0.0,53.59,,,,,,INSUFFICIENT_EVIDENCE,"[""economic_passport""]"
run_435,conv_olga_morozova_07,olga_morozova,,,completed,,,,3.0,5.75,,,0.0,56.3,,,,,,INSUFFICIENT_EVIDENCE,"[""economic_passport""]"
run_444,conv_olga_morozova_07,olga_morozova,known_use_case,client_thread_reply,completed,25.0,50.0,120.0,3.0,5.92,,,0.0,56.4,31.408,12.921986,,,0.41696,POTENTIALLY_EFFECTIVE,[]
run_453,conv_olga_morozova_07,olga_morozova,known_use_case,client_thread_reply,completed,25.0,50.0,120.0,3.0,4.63,,,0.0,52.51,31.537,14.014759,,,0.411268,POTENTIALLY_EFFECTIVE,[]
run_462,conv_olga_morozova_07,olga_morozova,known_use_case,discussion_notes,completed,15.0,30.0,75.0,3.0,4.66,,,0.0,53.94,18.767,7.69809,,,0.446353,POTENTIALLY_EFFECTIVE,[]
run_418,conv_olga_morozova_08,olga_morozova,known_use_case,personal_task_history,completed,7.0,15.0,30.0,3.0,5.02,,,0.0,59.35,7.749,2.264111,,,0.641667,POTENTIALLY_EFFECTIVE,[]
run_427,conv_olga_morozova_08,olga_morozova,,,completed,,,,3.0,5.85,,,0.0,52.16,,,,,,INSUFFICIENT_EVIDENCE,"[""economic_passport""]"
run_436,conv_olga_morozova_08,olga_morozova,,,completed,,,,3.0,5.62,,,0.0,56.59,,,,,,INSUFFICIENT_EVIDENCE,"[""economic_passport""]"
run_445,conv_olga_morozova_08,olga_morozova,known_use_case,client_thread_reply,completed,25.0,50.0,120.0,3.0,6.67,,,0.0,58.97,31.333,12.283449,,,0.420516,POTENTIALLY_EFFECTIVE,[]
run_454,conv_olga_morozova_08,olga_morozova,known_use_case,client_thread_reply,completed,25.0,50.0,120.0,3.0,5.34,,,0.0,50.54,31.466,14.564899,,,0.411112,POTENTIALLY_EFFECTIVE,[]
run_419,conv_olga_morozova_09,olga_morozova,known_use_case,personal_task_history,completed,7.0,15.0,30.0,3.0,4.739999999999999,,,0.0,57.38,7.763,2.382276,,,0.63548,POTENTIALLY_EFFECTIVE,[]
run_428,conv_olga_morozova_09,olga_morozova,,,completed,,,,3.0,4.83,,,0.0,54.18,,,,,,INSUFFICIENT_EVIDENCE,"[""economic_passport""]"
run_437,conv_olga_morozova_09,olga_morozova,,,completed,,,,3.0,5.8100000000000005,,,0.0,55.16,,,,,,INSUFFICIENT_EVIDENCE,"[""economic_passport""]"
run_446,conv_olga_morozova_09,olga_morozova,known_use_case,client_thread_reply,completed,25.0,50.0,120.0,3.0,5.79,,,0.0,59.26,31.421,12.255569,,,0.418988,POTENTIALLY_EFFECTIVE,[]
run_455,conv_olga_morozova_09,olga_morozova,known_use_case,client_thread_reply,completed,25.0,50.0,120.0,3.0,4.85,,,0.0,53.11,31.515,13.834777,,,0.412188,POTENTIALLY_EFFECTIVE,[]
run_463,conv_pavel_volkov_01,pavel_volkov,cluster,a7ad6e3232a0a362e7ca477c1870dcc0367b938f5cd95029b63d339f022a6948,completed,,,,3.0,5.36,,,0.0,59.21,,,,,,INSUFFICIENT_EVIDENCE,"[""economic_passport""]"
run_471,conv_pavel_volkov_01,pavel_volkov,,,completed,,,,3.0,10.729999999999999,,,0.0,61.63,,,,,,INSUFFICIENT_EVIDENCE,"[""economic_passport""]"
run_479,conv_pavel_volkov_01,pavel_volkov,cluster,f38fc4e18f4a2f3113e1b4e0b5a1854082a33ad1a13ff523a3580453026ec9af,completed,,,,3.0,4.37,,,0.0,61.73,,,,,,INSUFFICIENT_EVIDENCE,"[""economic_passport""]"
run_487,conv_pavel_volkov_01,pavel_volkov,known_use_case,client_contacts_by_company,completed,10.0,25.0,60.0,3.0,8.13,,,0.0,122.89,15.187,2.089552,,,0.589144,POTENTIALLY_EFFECTIVE,[]
run_495,conv_pavel_volkov_01,pavel_volkov,known_use_case,client_contacts_by_company,completed,10.0,25.0,60.0,3.0,9.35,,,0.0,127.03,15.065,1.964851,,,0.600648,POTENTIALLY_EFFECTIVE,[]
run_503,conv_pavel_volkov_01,pavel_volkov,,,completed,,,,3.0,8.729999999999999,,,0.0,112.11,,,,,,INSUFFICIENT_EVIDENCE,"[""economic_passport""]"
run_464,conv_pavel_volkov_02,pavel_volkov,,,completed,,,,3.0,4.61,,,0.0,57.24,,,,,,INSUFFICIENT_EVIDENCE,"[""economic_passport""]"
run_472,conv_pavel_volkov_02,pavel_volkov,known_use_case,discussion_notes,completed,15.0,30.0,75.0,3.0,4.75,,,0.0,60.21,18.7625,6.790442,,,0.454863,POTENTIALLY_EFFECTIVE,[]
run_480,conv_pavel_volkov_02,pavel_volkov,cluster,f38fc4e18f4a2f3113e1b4e0b5a1854082a33ad1a13ff523a3580453026ec9af,completed,,,,3.0,4.54,,,0.0,64.29,,,,,,INSUFFICIENT_EVIDENCE,"[""economic_passport""]"
run_488,conv_pavel_volkov_02,pavel_volkov,known_use_case,client_contacts_by_company,completed,10.0,25.0,60.0,3.0,8.17,,,0.0,108.76,15.183,2.490024,,,0.566696,POTENTIALLY_EFFECTIVE,[]
run_496,conv_pavel_volkov_02,pavel_volkov,known_use_case,client_contacts_by_company,completed,10.0,25.0,60.0,3.0,9.26,,,0.0,127.32,15.074,1.959865,,,0.600752,POTENTIALLY_EFFECTIVE,[]
run_504,conv_pavel_volkov_02,pavel_volkov,,,completed,,,,3.0,9.97,,,0.0,126.29,,,,,,INSUFFICIENT_EVIDENCE,"[""economic_passport""]"
run_465,conv_pavel_volkov_03,pavel_volkov,cluster,a7ad6e3232a0a362e7ca477c1870dcc0367b938f5cd95029b63d339f022a6948,completed,,,,3.0,3.94,,,0.0,59.8,,,,,,INSUFFICIENT_EVIDENCE,"[""economic_passport""]"
run_473,conv_pavel_volkov_03,pavel_volkov,cluster,f38fc4e18f4a2f3113e1b4e0b5a1854082a33ad1a13ff523a3580453026ec9af,completed,,,,3.0,5.0,,,0.0,62.23,,,,,,INSUFFICIENT_EVIDENCE,"[""economic_passport""]"
run_481,conv_pavel_volkov_03,pavel_volkov,known_use_case,crm_client_excel_report,completed,30.0,55.0,120.0,3.0,14.379999999999999,,,0.0,122.84,34.843,6.091135,,,0.455829,POTENTIALLY_EFFECTIVE,[]
run_489,conv_pavel_volkov_03,pavel_volkov,known_use_case,client_contacts_by_company,completed,10.0,25.0,60.0,3.0,8.79,,,0.0,122.94,15.121,2.074874,,,0.591864,POTENTIALLY_EFFECTIVE,[]
run_497,conv_pavel_volkov_03,pavel_volkov,known_use_case,client_contacts_by_company,completed,10.0,25.0,60.0,3.0,8.15,,,0.0,125.89,15.185,2.015529,,,0.594024,POTENTIALLY_EFFECTIVE,[]
run_505,conv_pavel_volkov_03,pavel_volkov,,,completed,,,,3.0,8.5,,,0.0,128.85,,,,,,INSUFFICIENT_EVIDENCE,"[""economic_passport""]"
run_466,conv_pavel_volkov_04,pavel_volkov,cluster,a7ad6e3232a0a362e7ca477c1870dcc0367b938f5cd95029b63d339f022a6948,completed,,,,3.0,4.88,,,0.0,60.1,,,,,,INSUFFICIENT_EVIDENCE,"[""economic_passport""]"
run_474,conv_pavel_volkov_04,pavel_volkov,cluster,a7ad6e3232a0a362e7ca477c1870dcc0367b938f5cd95029b63d339f022a6948,completed,,,,3.0,5.569999999999999,,,0.0,60.26,,,,,,INSUFFICIENT_EVIDENCE,"[""economic_passport""]"
run_482,conv_pavel_volkov_04,pavel_volkov,known_use_case,client_contacts_by_company,completed,10.0,25.0,60.0,3.0,8.47,,,0.0,121.41,15.153,2.120213,,,0.588136,POTENTIALLY_EFFECTIVE,[]
run_490,conv_pavel_volkov_04,pavel_volkov,known_use_case,client_contacts_by_company,completed,10.0,25.0,60.0,3.0,9.24,,,0.0,125.55,15.076,2.001991,,,0.59784,POTENTIALLY_EFFECTIVE,[]
run_498,conv_pavel_volkov_04,pavel_volkov,known_use_case,client_contacts_by_company,completed,10.0,25.0,60.0,3.0,10.3,,,0.0,111.76,14.97,2.348694,,,0.580016,POTENTIALLY_EFFECTIVE,[]
run_506,conv_pavel_volkov_04,pavel_volkov,,,completed,,,,3.0,8.65,,,0.0,129.14,,,,,,INSUFFICIENT_EVIDENCE,"[""economic_passport""]"
run_467,conv_pavel_volkov_05,pavel_volkov,known_use_case,discussion_notes,completed,15.0,30.0,75.0,3.0,4.180000000000001,,,0.0,58.67,18.791,7.007073,,,0.45186,POTENTIALLY_EFFECTIVE,[]
run_475,conv_pavel_volkov_05,pavel_volkov,cluster,f38fc4e18f4a2f3113e1b4e0b5a1854082a33ad1a13ff523a3580453026ec9af,completed,,,,3.0,5.239999999999999,,,0.0,62.82,,,,,,INSUFFICIENT_EVIDENCE,"[""economic_passport""]"
run_483,conv_pavel_volkov_05,pavel_volkov,known_use_case,client_contacts_by_company,completed,10.0,25.0,60.0,3.0,7.8100000000000005,,,0.0,107.28,15.219,2.54656,,,0.562888,POTENTIALLY_EFFECTIVE,[]
run_491,conv_pavel_volkov_05,pavel_volkov,known_use_case,crm_client_excel_report,completed,30.0,55.0,120.0,3.0,13.79,,,0.0,125.85,34.9315,5.939114,,,0.456409,POTENTIALLY_EFFECTIVE,[]
run_499,conv_pavel_volkov_05,pavel_volkov,known_use_case,client_contacts_by_company,completed,10.0,25.0,60.0,3.0,8.06,,,0.0,125.94,15.194,2.016119,,,0.593744,POTENTIALLY_EFFECTIVE,[]
run_507,conv_pavel_volkov_05,pavel_volkov,,,completed,,,,3.0,9.74,,,0.0,127.72,,,,,,INSUFFICIENT_EVIDENCE,"[""economic_passport""]"
run_468,conv_pavel_volkov_06,pavel_volkov,cluster,f38fc4e18f4a2f3113e1b4e0b5a1854082a33ad1a13ff523a3580453026ec9af,completed,,,,3.0,5.08,,,0.0,60.69,,,,,,INSUFFICIENT_EVIDENCE,"[""economic_passport""]"
run_476,conv_pavel_volkov_06,pavel_volkov,cluster,f38fc4e18f4a2f3113e1b4e0b5a1854082a33ad1a13ff523a3580453026ec9af,completed,,,,3.0,5.29,,,0.0,63.11,,,,,,INSUFFICIENT_EVIDENCE,"[""economic_passport""]"
run_484,conv_pavel_volkov_06,pavel_volkov,known_use_case,client_contacts_by_company,completed,10.0,25.0,60.0,3.0,9.82,,,0.0,121.46,15.018,2.091141,,,0.593616,POTENTIALLY_EFFECTIVE,[]
run_492,conv_pavel_volkov_06,pavel_volkov,known_use_case,client_contacts_by_company,completed,10.0,25.0,60.0,3.0,8.05,,,0.0,124.42,15.195,2.053167,,,0.591272,POTENTIALLY_EFFECTIVE,[]
run_500,conv_pavel_volkov_06,pavel_volkov,known_use_case,client_contacts_by_company,completed,10.0,25.0,60.0,3.0,9.860000000000001,,,0.0,128.5,15.014,1.921012,,,0.60504,POTENTIALLY_EFFECTIVE,[]
run_508,conv_pavel_volkov_06,pavel_volkov,,,completed,,,,3.0,9.46,,,0.0,113.58,,,,,,INSUFFICIENT_EVIDENCE,"[""economic_passport""]"
run_469,conv_pavel_volkov_07,pavel_volkov,cluster,9f9c6677e88abd39f165f84911bc138adccbe18c432bc050f292428c9a053184,completed,,,,3.0,5.75,,,0.0,58.72,,,,,,INSUFFICIENT_EVIDENCE,"[""economic_passport""]"
run_477,conv_pavel_volkov_07,pavel_volkov,known_use_case,discussion_notes,completed,15.0,30.0,75.0,3.0,4.72,,,0.0,61.68,18.764,6.605383,,,0.456773,POTENTIALLY_EFFECTIVE,[]
run_485,conv_pavel_volkov_07,pavel_volkov,known_use_case,client_contacts_by_company,completed,10.0,25.0,60.0,3.0,8.07,,,0.0,124.02,15.193,2.062611,,,0.590712,POTENTIALLY_EFFECTIVE,[]
run_493,conv_pavel_volkov_07,pavel_volkov,known_use_case,client_contacts_by_company,completed,10.0,25.0,60.0,3.0,9.08,,,0.0,110.29,15.092,2.420981,,,0.572784,POTENTIALLY_EFFECTIVE,[]
run_501,conv_pavel_volkov_07,pavel_volkov,known_use_case,group_common_slot,completed,20.0,45.0,120.0,3.0,14.620000000000001,,,0.0,127.67,27.807,4.445093,,,0.495551,POTENTIALLY_EFFECTIVE,[]
run_509,conv_pavel_volkov_07,pavel_volkov,,,completed,,,,3.0,9.21,,,0.0,127.77,,,,,,INSUFFICIENT_EVIDENCE,"[""economic_passport""]"
run_470,conv_pavel_volkov_08,pavel_volkov,cluster,f38fc4e18f4a2f3113e1b4e0b5a1854082a33ad1a13ff523a3580453026ec9af,completed,,,,3.0,4.510000000000001,,,0.0,61.34,,,,,,INSUFFICIENT_EVIDENCE,"[""economic_passport""]"
run_478,conv_pavel_volkov_08,pavel_volkov,known_use_case,discussion_notes,completed,15.0,30.0,75.0,3.0,5.33,,,0.0,47.55,18.7335,8.849369,,,0.43895,POTENTIALLY_EFFECTIVE,[]
run_486,conv_pavel_volkov_08,pavel_volkov,known_use_case,client_contacts_by_company,completed,10.0,25.0,60.0,3.0,8.729999999999999,,,0.0,124.32,15.127,2.041948,,,0.593832,POTENTIALLY_EFFECTIVE,[]
run_494,conv_pavel_volkov_08,pavel_volkov,known_use_case,client_contacts_by_company,completed,10.0,25.0,60.0,3.0,10.21,,,0.0,124.47,14.979,2.008556,,,0.599992,POTENTIALLY_EFFECTIVE,[]
run_502,conv_pavel_volkov_08,pavel_volkov,,,completed,,,,3.0,8.96,,,0.0,126.24,,,,,,INSUFFICIENT_EVIDENCE,"[""economic_passport""]"
run_510,conv_pavel_volkov_08,pavel_volkov,,,completed,,,,3.0,8.3,,,0.0,130.38,,,,,,INSUFFICIENT_EVIDENCE,"[""economic_passport""]"
run_651,conv_roman_egorov_01,roman_egorov,cluster,26958b837d7d885ae5340b2b030ae4661dd7ca82f69015388ac4cffe1531075b,completed,,,,3.0,7.59,,,0.0,141.84,,,,,,INSUFFICIENT_EVIDENCE,"[""economic_passport""]"
run_657,conv_roman_egorov_01,roman_egorov,cluster,3b720529fe577dee894a0088d85851ba19021a9bc72ea14028142fac3cf0ac3f,completed,,,,3.0,9.07,,,0.0,141.88,,,,,,INSUFFICIENT_EVIDENCE,"[""economic_passport""]"
run_663,conv_roman_egorov_01,roman_egorov,cluster,e36493241b36a2dcf6bdbd8cc334467941ac30fc584bbb497f828457b56a2891,completed,25.0,50.0,100.0,3.0,9.24,,,0.0,129.53,34.076,5.576855,,,0.422104,POTENTIALLY_EFFECTIVE,[]
run_669,conv_roman_egorov_01,roman_egorov,cluster,e36493241b36a2dcf6bdbd8cc334467941ac30fc584bbb497f828457b56a2891,completed,25.0,50.0,100.0,3.0,8.95,,,0.0,145.18,34.105,4.872882,,,0.434044,POTENTIALLY_EFFECTIVE,[]
run_675,conv_roman_egorov_01,roman_egorov,cluster,e36493241b36a2dcf6bdbd8cc334467941ac30fc584bbb497f828457b56a2891,completed,25.0,50.0,100.0,3.0,9.479999999999999,,,0.0,149.28,34.052,4.702706,,,0.438384,POTENTIALLY_EFFECTIVE,[]
run_681,conv_roman_egorov_01,roman_egorov,cluster,26958b837d7d885ae5340b2b030ae4661dd7ca82f69015388ac4cffe1531075b,completed,,,,3.0,12.129999999999999,,,0.0,437.64,,,,,,INSUFFICIENT_EVIDENCE,"[""economic_passport""]"
run_652,conv_roman_egorov_02,roman_egorov,cluster,3b720529fe577dee894a0088d85851ba19021a9bc72ea14028142fac3cf0ac3f,completed,,,,3.0,8.729999999999999,,,0.0,140.46,,,,,,INSUFFICIENT_EVIDENCE,"[""economic_passport""]"
run_658,conv_roman_egorov_02,roman_egorov,cluster,3b720529fe577dee894a0088d85851ba19021a9bc72ea14028142fac3cf0ac3f,completed,,,,3.0,8.860000000000001,,,0.0,127.8,,,,,,INSUFFICIENT_EVIDENCE,"[""economic_passport""]"
run_664,conv_roman_egorov_02,roman_egorov,cluster,e36493241b36a2dcf6bdbd8cc334467941ac30fc584bbb497f828457b56a2891,completed,25.0,50.0,100.0,3.0,9.6,,,0.0,143.71,34.04,4.921648,,,0.434168,POTENTIALLY_EFFECTIVE,[]
run_670,conv_roman_egorov_02,roman_egorov,cluster,e36493241b36a2dcf6bdbd8cc334467941ac30fc584bbb497f828457b56a2891,completed,25.0,50.0,100.0,3.0,9.59,,,0.0,147.79,34.041,4.75834,,,0.437412,POTENTIALLY_EFFECTIVE,[]
run_676,conv_roman_egorov_02,roman_egorov,cluster,e36493241b36a2dcf6bdbd8cc334467941ac30fc584bbb497f828457b56a2891,completed,25.0,50.0,100.0,3.0,7.680000000000001,,,0.0,149.58,34.232,4.721353,,,0.435024,POTENTIALLY_EFFECTIVE,[]
run_682,conv_roman_egorov_02,roman_egorov,cluster,745e04a976981c08d1bc807b07c1d98e7fd6d0442bcbcecdd276142ef7d94c95,completed,30.0,60.0,120.0,3.0,15.08,,,0.0,436.21,40.492,1.320671,,,0.61594,POTENTIALLY_EFFECTIVE,[]
run_653,conv_roman_egorov_03,roman_egorov,cluster,3b720529fe577dee894a0088d85851ba19021a9bc72ea14028142fac3cf0ac3f,completed,,,,3.0,9.97,,,0.0,126.57,,,,,,INSUFFICIENT_EVIDENCE,"[""economic_passport""]"
run_659,conv_roman_egorov_03,roman_egorov,cluster,26958b837d7d885ae5340b2b030ae4661dd7ca82f69015388ac4cffe1531075b,completed,,,,3.0,9.83,,,0.0,142.23,,,,,,INSUFFICIENT_EVIDENCE,"[""economic_passport""]"
run_665,conv_roman_egorov_03,roman_egorov,cluster,c90ec9ce68439e55749888b6ed6b64c63218a74e404af29861e3f2f0eb1aaccb,completed,,,,3.0,9.15,,,0.0,145.97,,,,,,INSUFFICIENT_EVIDENCE,"[""economic_passport""]"
run_671,conv_roman_egorov_03,roman_egorov,cluster,c90ec9ce68439e55749888b6ed6b64c63218a74e404af29861e3f2f0eb1aaccb,completed,,,,3.0,9.26,,,0.0,147.79,,,,,,INSUFFICIENT_EVIDENCE,"[""economic_passport""]"
run_677,conv_roman_egorov_03,roman_egorov,cluster,e36493241b36a2dcf6bdbd8cc334467941ac30fc584bbb497f828457b56a2891,completed,25.0,50.0,100.0,3.0,8.41,,,0.0,147.85,34.159,4.775955,,,0.4351,POTENTIALLY_EFFECTIVE,[]
run_654,conv_roman_egorov_04,roman_egorov,cluster,3b720529fe577dee894a0088d85851ba19021a9bc72ea14028142fac3cf0ac3f,completed,,,,3.0,10.07,,,0.0,140.75,,,,,,INSUFFICIENT_EVIDENCE,"[""economic_passport""]"
run_660,conv_roman_egorov_04,roman_egorov,cluster,3b720529fe577dee894a0088d85851ba19021a9bc72ea14028142fac3cf0ac3f,completed,,,,3.0,8.4,,,0.0,144.79,,,,,,INSUFFICIENT_EVIDENCE,"[""economic_passport""]"
run_666,conv_roman_egorov_04,roman_egorov,cluster,e36493241b36a2dcf6bdbd8cc334467941ac30fc584bbb497f828457b56a2891,completed,25.0,50.0,100.0,3.0,9.860000000000001,,,0.0,146.32,34.014,4.811577,,,0.436776,POTENTIALLY_EFFECTIVE,[]
run_672,conv_roman_egorov_04,roman_egorov,cluster,e36493241b36a2dcf6bdbd8cc334467941ac30fc584bbb497f828457b56a2891,completed,25.0,50.0,100.0,3.0,9.520000000000001,,,0.0,146.42,34.048,4.813413,,,0.436176,POTENTIALLY_EFFECTIVE,[]
run_678,conv_roman_egorov_04,roman_egorov,cluster,e36493241b36a2dcf6bdbd8cc334467941ac30fc584bbb497f828457b56a2891,completed,25.0,50.0,100.0,3.0,10.17,,,0.0,133.77,33.983,5.351013,,,0.427356,POTENTIALLY_EFFECTIVE,[]
run_655,conv_roman_egorov_05,roman_egorov,cluster,3b720529fe577dee894a0088d85851ba19021a9bc72ea14028142fac3cf0ac3f,completed,,,,3.0,10.44,,,0.0,143.31,,,,,,INSUFFICIENT_EVIDENCE,"[""economic_passport""]"
run_661,conv_roman_egorov_05,roman_egorov,cluster,c90ec9ce68439e55749888b6ed6b64c63218a74e404af29861e3f2f0eb1aaccb,completed,,,,3.0,9.41,,,0.0,145.09,,,,,,INSUFFICIENT_EVIDENCE,"[""economic_passport""]"
run_667,conv_roman_egorov_05,roman_egorov,cluster,e36493241b36a2dcf6bdbd8cc334467941ac30fc584bbb497f828457b56a2891,completed,25.0,50.0,100.0,3.0,8.66,,,0.0,145.13,34.134,4.879901,,,0.433424,POTENTIALLY_EFFECTIVE,[]
run_673,conv_roman_egorov_05,roman_egorov,cluster,e36493241b36a2dcf6bdbd8cc334467941ac30fc584bbb497f828457b56a2891,completed,25.0,50.0,100.0,3.0,10.18,,,0.0,132.53,33.982,5.410247,,,0.426384,POTENTIALLY_EFFECTIVE,[]
run_679,conv_roman_egorov_05,roman_egorov,cluster,c90ec9ce68439e55749888b6ed6b64c63218a74e404af29861e3f2f0eb1aaccb,completed,,,,3.0,9.139999999999999,,,0.0,148.2,,,,,,INSUFFICIENT_EVIDENCE,"[""economic_passport""]"
run_656,conv_roman_egorov_06,roman_egorov,cluster,3b720529fe577dee894a0088d85851ba19021a9bc72ea14028142fac3cf0ac3f,completed,,,,3.0,9.889999999999999,,,0.0,143.61,,,,,,INSUFFICIENT_EVIDENCE,"[""economic_passport""]"
run_662,conv_roman_egorov_06,roman_egorov,cluster,e36493241b36a2dcf6bdbd8cc334467941ac30fc584bbb497f828457b56a2891,completed,25.0,50.0,100.0,3.0,8.82,,,0.0,143.66,34.118,4.937282,,,0.432568,POTENTIALLY_EFFECTIVE,[]
run_668,conv_roman_egorov_06,roman_egorov,cluster,e36493241b36a2dcf6bdbd8cc334467941ac30fc584bbb497f828457b56a2891,completed,25.0,50.0,100.0,3.0,8.66,,,0.0,131.0,34.134,5.514122,,,0.42212,POTENTIALLY_EFFECTIVE,[]
run_674,conv_roman_egorov_06,roman_egorov,cluster,e36493241b36a2dcf6bdbd8cc334467941ac30fc584bbb497f828457b56a2891,completed,25.0,50.0,100.0,3.0,9.41,,,0.0,146.72,34.059,4.803401,,,0.436196,POTENTIALLY_EFFECTIVE,[]
run_680,conv_roman_egorov_06,roman_egorov,cluster,e36493241b36a2dcf6bdbd8cc334467941ac30fc584bbb497f828457b56a2891,completed,25.0,50.0,100.0,3.0,10.020000000000001,,,0.0,150.76,33.998,4.637769,,,0.440648,POTENTIALLY_EFFECTIVE,[]
run_353,conv_sergey_kuznetsov_01,sergey_kuznetsov,known_use_case,confluence_process_search,completed,12.0,30.0,75.0,3.0,5.239999999999999,,,0.0,54.22,18.476,7.518997,,,0.456427,POTENTIALLY_EFFECTIVE,[]
run_363,conv_sergey_kuznetsov_01,sergey_kuznetsov,known_use_case,executive_calendar_slot,completed,12.0,25.0,50.0,3.0,5.680000000000001,,,0.0,47.77,15.432,7.076198,,,0.459152,POTENTIALLY_EFFECTIVE,[]
run_373,conv_sergey_kuznetsov_01,sergey_kuznetsov,known_use_case,executive_calendar_slot,completed,12.0,25.0,50.0,3.0,5.989999999999999,,,0.0,50.77,15.401,6.583711,,,0.465192,POTENTIALLY_EFFECTIVE,[]
run_383,conv_sergey_kuznetsov_01,sergey_kuznetsov,cluster,f38fc4e18f4a2f3113e1b4e0b5a1854082a33ad1a13ff523a3580453026ec9af,completed,,,,3.0,4.86,,,0.0,54.61,,,,,,INSUFFICIENT_EVIDENCE,"[""economic_passport""]"
run_393,conv_sergey_kuznetsov_01,sergey_kuznetsov,,,completed,,,,3.0,4.27,,,0.0,48.76,,,,,,INSUFFICIENT_EVIDENCE,"[""economic_passport""]"
run_403,conv_sergey_kuznetsov_01,sergey_kuznetsov,known_use_case,personal_task_history,completed,7.0,15.0,30.0,3.0,5.62,,,0.0,50.83,7.719,2.796478,,,0.620947,POTENTIALLY_EFFECTIVE,[]
run_354,conv_sergey_kuznetsov_02,sergey_kuznetsov,known_use_case,confluence_process_search,completed,12.0,30.0,75.0,3.0,6.11,,,0.0,52.25,18.389,7.798565,,,0.4567,POTENTIALLY_EFFECTIVE,[]
run_364,conv_sergey_kuznetsov_02,sergey_kuznetsov,known_use_case,executive_calendar_slot,completed,12.0,25.0,50.0,3.0,4.95,,,0.0,45.8,15.505,7.463428,,,0.45308,POTENTIALLY_EFFECTIVE,[]
run_374,conv_sergey_kuznetsov_02,sergey_kuznetsov,known_use_case,executive_calendar_slot,completed,12.0,25.0,50.0,3.0,6.14,,,0.0,48.8,15.386,6.882172,,,0.46264,POTENTIALLY_EFFECTIVE,[]
run_384,conv_sergey_kuznetsov_02,sergey_kuznetsov,cluster,a7ad6e3232a0a362e7ca477c1870dcc0367b938f5cd95029b63d339f022a6948,completed,,,,3.0,4.79,,,0.0,52.64,,,,,,INSUFFICIENT_EVIDENCE,"[""economic_passport""]"
run_394,conv_sergey_kuznetsov_02,sergey_kuznetsov,,,completed,,,,3.0,3.64,,,0.0,46.79,,,,,,INSUFFICIENT_EVIDENCE,"[""economic_passport""]"
run_404,conv_sergey_kuznetsov_02,sergey_kuznetsov,known_use_case,personal_task_history,completed,7.0,15.0,30.0,3.0,4.27,,,0.0,48.86,7.7865,2.984087,,,0.611193,POTENTIALLY_EFFECTIVE,[]
run_355,conv_sergey_kuznetsov_03,sergey_kuznetsov,known_use_case,confluence_process_search,completed,12.0,30.0,75.0,3.0,5.680000000000001,,,0.0,54.81,18.432,7.407225,,,0.45868,POTENTIALLY_EFFECTIVE,[]
run_365,conv_sergey_kuznetsov_03,sergey_kuznetsov,known_use_case,executive_calendar_slot,completed,12.0,25.0,50.0,3.0,4.62,,,0.0,48.36,15.538,7.032465,,,0.455856,POTENTIALLY_EFFECTIVE,[]
run_375,conv_sergey_kuznetsov_03,sergey_kuznetsov,known_use_case,executive_calendar_slot,completed,12.0,25.0,50.0,3.0,5.28,,,0.0,51.36,15.472,6.531153,,,0.463296,POTENTIALLY_EFFECTIVE,[]
run_385,conv_sergey_kuznetsov_03,sergey_kuznetsov,cluster,f38fc4e18f4a2f3113e1b4e0b5a1854082a33ad1a13ff523a3580453026ec9af,completed,,,,3.0,6.12,,,0.0,55.2,,,,,,INSUFFICIENT_EVIDENCE,"[""economic_passport""]"
run_395,conv_sergey_kuznetsov_03,sergey_kuznetsov,,,completed,,,,3.0,4.63,,,0.0,49.35,,,,,,INSUFFICIENT_EVIDENCE,"[""economic_passport""]"
run_405,conv_sergey_kuznetsov_03,sergey_kuznetsov,known_use_case,personal_task_history,completed,7.0,15.0,30.0,3.0,4.72,,,0.0,51.47,7.764,2.771129,,,0.619653,POTENTIALLY_EFFECTIVE,[]
run_356,conv_sergey_kuznetsov_04,sergey_kuznetsov,known_use_case,confluence_process_search,completed,12.0,30.0,75.0,3.0,6.38,,,0.0,55.1,18.362,7.331216,,,0.4614,POTENTIALLY_EFFECTIVE,[]
run_366,conv_sergey_kuznetsov_04,sergey_kuznetsov,known_use_case,executive_calendar_slot,completed,12.0,25.0,50.0,3.0,5.04,,,0.0,48.65,15.496,6.963001,,,0.458,POTENTIALLY_EFFECTIVE,[]
run_376,conv_sergey_kuznetsov_04,sergey_kuznetsov,known_use_case,executive_calendar_slot,completed,12.0,25.0,50.0,3.0,4.85,,,0.0,51.66,15.515,6.508227,,,0.462056,POTENTIALLY_EFFECTIVE,[]
run_386,conv_sergey_kuznetsov_04,sergey_kuznetsov,cluster,f38fc4e18f4a2f3113e1b4e0b5a1854082a33ad1a13ff523a3580453026ec9af,completed,,,,3.0,5.319999999999999,,,0.0,55.5,,,,,,INSUFFICIENT_EVIDENCE,"[""economic_passport""]"
run_396,conv_sergey_kuznetsov_04,sergey_kuznetsov,cluster,9f9c6677e88abd39f165f84911bc138adccbe18c432bc050f292428c9a053184,completed,,,,3.0,4.66,,,0.0,49.65,,,,,,INSUFFICIENT_EVIDENCE,"[""economic_passport""]"
run_406,conv_sergey_kuznetsov_04,sergey_kuznetsov,known_use_case,personal_task_history,completed,7.0,15.0,30.0,3.0,4.39,,,0.0,51.71,7.7805,2.761603,,,0.619193,POTENTIALLY_EFFECTIVE,[]
run_357,conv_sergey_kuznetsov_05,sergey_kuznetsov,known_use_case,confluence_process_search,completed,12.0,30.0,75.0,3.0,5.79,,,0.0,53.67,18.421,7.580678,,,0.457527,POTENTIALLY_EFFECTIVE,[]
run_367,conv_sergey_kuznetsov_05,sergey_kuznetsov,known_use_case,executive_calendar_slot,completed,12.0,25.0,50.0,3.0,5.760000000000001,,,0.0,47.22,15.424,7.166031,,,0.458592,POTENTIALLY_EFFECTIVE,[]
run_377,conv_sergey_kuznetsov_05,sergey_kuznetsov,known_use_case,executive_calendar_slot,completed,12.0,25.0,50.0,3.0,5.45,,,0.0,50.23,15.455,6.692116,,,0.462168,POTENTIALLY_EFFECTIVE,[]
run_387,conv_sergey_kuznetsov_05,sergey_kuznetsov,known_use_case,task_completion_approval,completed,15.0,30.0,90.0,3.0,5.7,,,0.0,54.07,14.715,5.80368,,,0.581593,POTENTIALLY_EFFECTIVE,[]
run_397,conv_sergey_kuznetsov_05,sergey_kuznetsov,known_use_case,task_completion_approval,completed,15.0,30.0,90.0,3.0,4.97,,,0.0,48.22,14.7515,6.648019,,,0.572577,POTENTIALLY_EFFECTIVE,[]
run_407,conv_sergey_kuznetsov_05,sergey_kuznetsov,known_use_case,personal_task_history,completed,7.0,15.0,30.0,3.0,5.3,,,0.0,50.29,7.735,2.845198,,,0.61844,POTENTIALLY_EFFECTIVE,[]
run_358,conv_sergey_kuznetsov_06,sergey_kuznetsov,known_use_case,confluence_process_search,completed,12.0,30.0,75.0,3.0,6.23,,,0.0,39.49,18.377,10.633958,,,0.440087,POTENTIALLY_EFFECTIVE,[]
run_368,conv_sergey_kuznetsov_06,sergey_kuznetsov,known_use_case,executive_calendar_slot,completed,12.0,25.0,50.0,3.0,5.0,,,0.0,49.24,15.5,6.869618,,,0.458784,POTENTIALLY_EFFECTIVE,[]
run_378,conv_sergey_kuznetsov_06,sergey_kuznetsov,known_use_case,executive_calendar_slot,completed,12.0,25.0,50.0,3.0,5.08,,,0.0,52.25,15.492,6.41244,,,0.46392,POTENTIALLY_EFFECTIVE,[]
run_388,conv_sergey_kuznetsov_06,sergey_kuznetsov,known_use_case,task_completion_approval,completed,15.0,30.0,90.0,3.0,4.92,,,0.0,39.94,14.754,8.235103,,,0.561453,POTENTIALLY_EFFECTIVE,[]
run_398,conv_sergey_kuznetsov_06,sergey_kuznetsov,cluster,9f9c6677e88abd39f165f84911bc138adccbe18c432bc050f292428c9a053184,completed,,,,3.0,4.180000000000001,,,0.0,50.24,,,,,,INSUFFICIENT_EVIDENCE,"[""economic_passport""]"
run_408,conv_sergey_kuznetsov_06,sergey_kuznetsov,known_use_case,personal_task_history,completed,7.0,15.0,30.0,3.0,4.2,,,0.0,52.31,7.79,2.722998,,,0.62016,POTENTIALLY_EFFECTIVE,[]
run_359,conv_sergey_kuznetsov_07,sergey_kuznetsov,known_use_case,confluence_process_search,completed,12.0,30.0,75.0,3.0,5.5600000000000005,,,0.0,53.72,18.444,7.583395,,,0.456827,POTENTIALLY_EFFECTIVE,[]
run_369,conv_sergey_kuznetsov_07,sergey_kuznetsov,known_use_case,executive_calendar_slot,completed,12.0,25.0,50.0,3.0,5.96,,,0.0,47.27,15.404,7.146816,,,0.459472,POTENTIALLY_EFFECTIVE,[]
run_379,conv_sergey_kuznetsov_07,sergey_kuznetsov,known_use_case,executive_calendar_slot,completed,12.0,25.0,50.0,3.0,5.6,,,0.0,50.28,15.44,6.677009,,,0.462848,POTENTIALLY_EFFECTIVE,[]
run_389,conv_sergey_kuznetsov_07,sergey_kuznetsov,cluster,f38fc4e18f4a2f3113e1b4e0b5a1854082a33ad1a13ff523a3580453026ec9af,completed,,,,3.0,4.64,,,0.0,54.12,,,,,,INSUFFICIENT_EVIDENCE,"[""economic_passport""]"
run_399,conv_sergey_kuznetsov_07,sergey_kuznetsov,,,completed,,,,3.0,4.67,,,0.0,48.27,,,,,,INSUFFICIENT_EVIDENCE,"[""economic_passport""]"
run_409,conv_sergey_kuznetsov_07,sergey_kuznetsov,known_use_case,personal_task_history,completed,7.0,15.0,30.0,3.0,5.66,,,0.0,50.34,7.717,2.832439,,,0.619773,POTENTIALLY_EFFECTIVE,[]
run_360,conv_sergey_kuznetsov_08,sergey_kuznetsov,known_use_case,confluence_process_search,completed,12.0,30.0,75.0,3.0,6.72,,,0.0,56.28,18.328,7.141436,,,0.464107,POTENTIALLY_EFFECTIVE,[]
run_370,conv_sergey_kuznetsov_08,sergey_kuznetsov,known_use_case,executive_calendar_slot,completed,12.0,25.0,50.0,3.0,4.7,,,0.0,49.88,15.53,6.783681,,,0.458608,POTENTIALLY_EFFECTIVE,[]
run_380,conv_sergey_kuznetsov_08,sergey_kuznetsov,known_use_case,executive_calendar_slot,completed,12.0,25.0,50.0,3.0,5.73,,,0.0,52.84,15.427,6.298921,,,0.467464,POTENTIALLY_EFFECTIVE,[]
run_390,conv_sergey_kuznetsov_08,sergey_kuznetsov,cluster,f38fc4e18f4a2f3113e1b4e0b5a1854082a33ad1a13ff523a3580453026ec9af,completed,,,,3.0,5.78,,,0.0,56.73,,,,,,INSUFFICIENT_EVIDENCE,"[""economic_passport""]"
run_400,conv_sergey_kuznetsov_08,sergey_kuznetsov,cluster,9f9c6677e88abd39f165f84911bc138adccbe18c432bc050f292428c9a053184,completed,,,,3.0,4.319999999999999,,,0.0,50.83,,,,,,INSUFFICIENT_EVIDENCE,"[""economic_passport""]"
run_410,conv_sergey_kuznetsov_08,sergey_kuznetsov,known_use_case,personal_task_history,completed,7.0,15.0,30.0,3.0,5.319999999999999,,,0.0,52.99,7.734,2.648802,,,0.625707,POTENTIALLY_EFFECTIVE,[]
run_361,conv_sergey_kuznetsov_09,sergey_kuznetsov,known_use_case,executive_calendar_slot,completed,12.0,25.0,50.0,3.0,10.81,,,0.0,47.17,14.919,6.907038,,,0.478712,POTENTIALLY_EFFECTIVE,[]
run_371,conv_sergey_kuznetsov_09,sergey_kuznetsov,known_use_case,executive_calendar_slot,completed,12.0,25.0,50.0,3.0,10.82,,,0.0,50.18,14.918,6.432244,,,0.483568,POTENTIALLY_EFFECTIVE,[]
run_381,conv_sergey_kuznetsov_09,sergey_kuznetsov,,,completed,,,,3.0,9.94,,,0.0,54.02,,,,,,INSUFFICIENT_EVIDENCE,"[""economic_passport""]"
run_391,conv_sergey_kuznetsov_09,sergey_kuznetsov,,,completed,,,,3.0,9.129999999999999,,,0.0,48.16,,,,,,INSUFFICIENT_EVIDENCE,"[""economic_passport""]"
run_401,conv_sergey_kuznetsov_09,sergey_kuznetsov,known_use_case,personal_task_history,completed,7.0,15.0,30.0,3.0,5.319999999999999,,,0.0,50.24,7.734,2.848527,,,0.618373,POTENTIALLY_EFFECTIVE,[]
run_362,conv_sergey_kuznetsov_10,sergey_kuznetsov,known_use_case,executive_calendar_slot,completed,12.0,25.0,50.0,3.0,4.91,,,0.0,45.75,15.509,7.474863,,,0.45284,POTENTIALLY_EFFECTIVE,[]
run_372,conv_sergey_kuznetsov_10,sergey_kuznetsov,known_use_case,executive_calendar_slot,completed,12.0,25.0,50.0,3.0,5.23,,,0.0,48.75,15.477,6.936923,,,0.45892,POTENTIALLY_EFFECTIVE,[]
run_382,conv_sergey_kuznetsov_10,sergey_kuznetsov,known_use_case,task_completion_approval,completed,15.0,30.0,90.0,3.0,4.24,,,0.0,52.59,14.788,6.029854,,,0.577187,POTENTIALLY_EFFECTIVE,[]
run_392,conv_sergey_kuznetsov_10,sergey_kuznetsov,known_use_case,task_completion_approval,completed,15.0,30.0,90.0,3.0,4.6,,,0.0,46.74,14.77,6.900086,,,0.569987,POTENTIALLY_EFFECTIVE,[]
run_402,conv_sergey_kuznetsov_10,sergey_kuznetsov,known_use_case,personal_task_history,completed,7.0,15.0,30.0,3.0,4.19,,,0.0,48.81,7.7905,2.990217,,,0.610793,POTENTIALLY_EFFECTIVE,[]
run_771,conv_svetlana_krylova_01,svetlana_krylova,,,partial,,,,3.0,18.2,,,0.0,1755.43,,,,,,INSUFFICIENT_EVIDENCE,"[""economic_passport""]"
run_773,conv_svetlana_krylova_01,svetlana_krylova,cluster,ef929cde84c69d4c87c1ede855119db14b99ad87292aacce89b42317c2c08739,partial,,,,3.0,25.27,,,0.0,1739.78,,,,,,INSUFFICIENT_EVIDENCE,"[""economic_passport""]"
run_775,conv_svetlana_krylova_01,svetlana_krylova,,,partial,,,,3.0,22.57,,,0.0,1756.42,,,,,,INSUFFICIENT_EVIDENCE,"[""economic_passport""]"
run_777,conv_svetlana_krylova_01,svetlana_krylova,cluster,ef929cde84c69d4c87c1ede855119db14b99ad87292aacce89b42317c2c08739,partial,,,,3.0,18.459999999999997,,,0.0,1755.04,,,,,,INSUFFICIENT_EVIDENCE,"[""economic_passport""]"
run_779,conv_svetlana_krylova_01,svetlana_krylova,,,partial,,,,3.0,25.91,,,0.0,1755.3,,,,,,INSUFFICIENT_EVIDENCE,"[""economic_passport""]"
run_781,conv_svetlana_krylova_01,svetlana_krylova,,,partial,,,,3.0,21.91,,,0.0,1758.89,,,,,,INSUFFICIENT_EVIDENCE,"[""economic_passport""]"
run_772,conv_svetlana_krylova_02,svetlana_krylova,cluster,ef929cde84c69d4c87c1ede855119db14b99ad87292aacce89b42317c2c08739,partial,,,,3.0,23.57,,,0.0,1754.25,,,,,,INSUFFICIENT_EVIDENCE,"[""economic_passport""]"
run_774,conv_svetlana_krylova_02,svetlana_krylova,,,partial,,,,3.0,22.240000000000002,,,0.0,1754.74,,,,,,INSUFFICIENT_EVIDENCE,"[""economic_passport""]"
run_776,conv_svetlana_krylova_02,svetlana_krylova,known_use_case,confluence_process_search,partial,12.0,30.0,75.0,3.0,25.759999999999998,,,0.0,1757.16,16.424,-0.766327,,,2.795413,POTENTIALLY_INEFFECTIVE,[]
run_778,conv_svetlana_krylova_02,svetlana_krylova,cluster,26958b837d7d885ae5340b2b030ae4661dd7ca82f69015388ac4cffe1531075b,partial,,,,3.0,25.48,,,0.0,1740.77,,,,,,INSUFFICIENT_EVIDENCE,"[""economic_passport""]"
run_780,conv_svetlana_krylova_02,svetlana_krylova,,,partial,,,,3.0,21.67,,,0.0,1758.35,,,,,,INSUFFICIENT_EVIDENCE,"[""economic_passport""]"
run_782,conv_svetlana_krylova_02,svetlana_krylova,cluster,ef929cde84c69d4c87c1ede855119db14b99ad87292aacce89b42317c2c08739,partial,,,,3.0,20.48,,,0.0,1757.66,,,,,,INSUFFICIENT_EVIDENCE,"[""economic_passport""]"
run_601,conv_tatiana_belyakova_01,tatiana_belyakova,cluster,0f4a51dd87d4acd8ec4e73560853c690c6ada272605b115c67ed600d00b80ae8,completed,15.0,30.0,60.0,3.0,9.97,,,0.0,193.31,19.5015,1.52205,,,0.607697,POTENTIALLY_EFFECTIVE,[]
run_605,conv_tatiana_belyakova_01,tatiana_belyakova,cluster,0f4a51dd87d4acd8ec4e73560853c690c6ada272605b115c67ed600d00b80ae8,completed,15.0,30.0,60.0,3.0,9.92,,,0.0,194.11,19.504,1.511978,,,0.60868,POTENTIALLY_EFFECTIVE,[]
run_609,conv_tatiana_belyakova_01,tatiana_belyakova,,,completed,,,,3.0,9.370000000000001,,,0.0,193.47,,,,,,INSUFFICIENT_EVIDENCE,"[""economic_passport""]"
run_613,conv_tatiana_belyakova_01,tatiana_belyakova,cluster,0f4a51dd87d4acd8ec4e73560853c690c6ada272605b115c67ed600d00b80ae8,completed,15.0,30.0,60.0,3.0,7.96,,,0.0,180.67,19.602,1.712404,,,0.587493,POTENTIALLY_EFFECTIVE,[]
run_617,conv_tatiana_belyakova_01,tatiana_belyakova,known_use_case,followup_reminders,completed,18.0,35.0,90.0,3.0,9.42,,,0.0,196.47,21.058,1.679544,,,0.62288,POTENTIALLY_EFFECTIVE,[]
run_602,conv_tatiana_belyakova_02,tatiana_belyakova,known_use_case,followup_reminders,completed,18.0,35.0,90.0,3.0,8.57,,,0.0,191.98,21.143,1.753282,,,0.61532,POTENTIALLY_EFFECTIVE,[]
run_606,conv_tatiana_belyakova_02,tatiana_belyakova,cluster,0f4a51dd87d4acd8ec4e73560853c690c6ada272605b115c67ed600d00b80ae8,completed,15.0,30.0,60.0,3.0,8.48,,,0.0,194.8,19.576,1.51232,,,0.6072,POTENTIALLY_EFFECTIVE,[]
run_610,conv_tatiana_belyakova_02,tatiana_belyakova,cluster,0f4a51dd87d4acd8ec4e73560853c690c6ada272605b115c67ed600d00b80ae8,completed,15.0,30.0,60.0,3.0,9.3,,,0.0,195.64,19.535,1.496294,,,0.609687,POTENTIALLY_EFFECTIVE,[]
run_614,conv_tatiana_belyakova_02,tatiana_belyakova,cluster,c90ec9ce68439e55749888b6ed6b64c63218a74e404af29861e3f2f0eb1aaccb,completed,,,,3.0,9.520000000000001,,,0.0,195.0,,,,,,INSUFFICIENT_EVIDENCE,"[""economic_passport""]"
run_618,conv_tatiana_belyakova_02,tatiana_belyakova,cluster,0f4a51dd87d4acd8ec4e73560853c690c6ada272605b115c67ed600d00b80ae8,completed,15.0,30.0,60.0,3.0,9.770000000000001,,,0.0,182.14,19.5115,1.678091,,,0.59247,POTENTIALLY_EFFECTIVE,[]
run_603,conv_tatiana_belyakova_03,tatiana_belyakova,cluster,0f4a51dd87d4acd8ec4e73560853c690c6ada272605b115c67ed600d00b80ae8,completed,15.0,30.0,60.0,3.0,10.129999999999999,,,0.0,177.65,19.4935,1.743245,,,0.587083,POTENTIALLY_EFFECTIVE,[]
run_607,conv_tatiana_belyakova_03,tatiana_belyakova,known_use_case,followup_reminders,completed,18.0,35.0,90.0,3.0,8.83,,,0.0,193.47,21.117,1.728718,,,0.617766,POTENTIALLY_EFFECTIVE,[]
run_611,conv_tatiana_belyakova_03,tatiana_belyakova,cluster,0f4a51dd87d4acd8ec4e73560853c690c6ada272605b115c67ed600d00b80ae8,completed,15.0,30.0,60.0,3.0,9.93,,,0.0,196.32,19.5035,1.483636,,,0.611643,POTENTIALLY_EFFECTIVE,[]
run_615,conv_tatiana_belyakova_03,tatiana_belyakova,cluster,0f4a51dd87d4acd8ec4e73560853c690c6ada272605b115c67ed600d00b80ae8,completed,15.0,30.0,60.0,3.0,8.629999999999999,,,0.0,197.11,19.5685,1.481926,,,0.61053,POTENTIALLY_EFFECTIVE,[]
run_619,conv_tatiana_belyakova_03,tatiana_belyakova,cluster,c90ec9ce68439e55749888b6ed6b64c63218a74e404af29861e3f2f0eb1aaccb,completed,,,,3.0,10.79,,,0.0,196.47,,,,,,INSUFFICIENT_EVIDENCE,"[""economic_passport""]"
run_604,conv_tatiana_belyakova_04,tatiana_belyakova,cluster,c90ec9ce68439e55749888b6ed6b64c63218a74e404af29861e3f2f0eb1aaccb,completed,,,,3.0,9.93,,,0.0,191.99,,,,,,INSUFFICIENT_EVIDENCE,"[""economic_passport""]"
run_608,conv_tatiana_belyakova_04,tatiana_belyakova,cluster,0f4a51dd87d4acd8ec4e73560853c690c6ada272605b115c67ed600d00b80ae8,completed,15.0,30.0,60.0,3.0,8.42,,,0.0,179.14,19.579,1.73236,,,0.58622,POTENTIALLY_EFFECTIVE,[]
run_612,conv_tatiana_belyakova_04,tatiana_belyakova,known_use_case,followup_reminders,completed,18.0,35.0,90.0,3.0,8.53,,,0.0,195.0,21.147,1.711154,,,0.618657,POTENTIALLY_EFFECTIVE,[]
run_616,conv_tatiana_belyakova_04,tatiana_belyakova,cluster,0f4a51dd87d4acd8ec4e73560853c690c6ada272605b115c67ed600d00b80ae8,completed,15.0,30.0,60.0,3.0,9.24,,,0.0,197.8,19.538,1.469414,,,0.612467,POTENTIALLY_EFFECTIVE,[]
run_620,conv_tatiana_belyakova_04,tatiana_belyakova,cluster,0f4a51dd87d4acd8ec4e73560853c690c6ada272605b115c67ed600d00b80ae8,completed,15.0,30.0,60.0,3.0,8.6,,,0.0,198.59,19.57,1.463619,,,0.612453,POTENTIALLY_EFFECTIVE,[]
run_755,conv_viktor_zaitsev_01,viktor_zaitsev,cluster,3254733515f4fd9c0a2fad6d7b3e9b7e6b1fe3e52b7a9842f51a2d37c38d5892,failed,12.0,25.0,50.0,3.0,8.46,,,0.0,523.38,14.577,-0.303709,,,1.254328,POTENTIALLY_INEFFECTIVE,[]
run_758,conv_viktor_zaitsev_01,viktor_zaitsev,cluster,3254733515f4fd9c0a2fad6d7b3e9b7e6b1fe3e52b7a9842f51a2d37c38d5892,failed,12.0,25.0,50.0,3.0,7.47,,,0.0,508.16,14.6265,-0.280419,,,1.227996,POTENTIALLY_INEFFECTIVE,[]
run_761,conv_viktor_zaitsev_01,viktor_zaitsev,,,failed,,,,3.0,21.459999999999997,,,0.0,1710.79,,,,,,INSUFFICIENT_EVIDENCE,"[""economic_passport""]"
run_764,conv_viktor_zaitsev_01,viktor_zaitsev,,,failed,,,,3.0,21.06,,,0.0,1709.03,,,,,,INSUFFICIENT_EVIDENCE,"[""economic_passport""]"
run_767,conv_viktor_zaitsev_01,viktor_zaitsev,cluster,ef929cde84c69d4c87c1ede855119db14b99ad87292aacce89b42317c2c08739,failed,,,,3.0,15.18,,,0.0,1710.21,,,,,,INSUFFICIENT_EVIDENCE,"[""economic_passport""]"
run_770,conv_viktor_zaitsev_01,viktor_zaitsev,cluster,c90ec9ce68439e55749888b6ed6b64c63218a74e404af29861e3f2f0eb1aaccb,partial,,,,3.0,26.279999999999998,,,0.0,1712.67,,,,,,INSUFFICIENT_EVIDENCE,"[""economic_passport""]"
run_756,conv_viktor_zaitsev_02,viktor_zaitsev,,,failed,,,,3.0,8.18,,,0.0,523.67,,,,,,INSUFFICIENT_EVIDENCE,"[""economic_passport""]"
run_759,conv_viktor_zaitsev_02,viktor_zaitsev,,,failed,,,,3.0,8.56,,,0.0,522.0,,,,,,INSUFFICIENT_EVIDENCE,"[""economic_passport""]"
run_762,conv_viktor_zaitsev_02,viktor_zaitsev,,,failed,,,,3.0,18.63,,,0.0,1709.37,,,,,,INSUFFICIENT_EVIDENCE,"[""economic_passport""]"
run_765,conv_viktor_zaitsev_02,viktor_zaitsev,,,failed,,,,3.0,20.93,,,0.0,1711.19,,,,,,INSUFFICIENT_EVIDENCE,"[""economic_passport""]"
run_768,conv_viktor_zaitsev_02,viktor_zaitsev,cluster,ef929cde84c69d4c87c1ede855119db14b99ad87292aacce89b42317c2c08739,failed,,,,3.0,16.029999999999998,,,0.0,1696.42,,,,,,INSUFFICIENT_EVIDENCE,"[""economic_passport""]"
run_757,conv_viktor_zaitsev_03,viktor_zaitsev,cluster,3254733515f4fd9c0a2fad6d7b3e9b7e6b1fe3e52b7a9842f51a2d37c38d5892,failed,12.0,25.0,50.0,3.0,6.91,,,0.0,522.25,14.6545,-0.298492,,,1.24942,POTENTIALLY_INEFFECTIVE,[]
run_760,conv_viktor_zaitsev_03,viktor_zaitsev,,,failed,,,,3.0,6.71,,,0.0,524.66,,,,,,INSUFFICIENT_EVIDENCE,"[""economic_passport""]"
run_763,conv_viktor_zaitsev_03,viktor_zaitsev,,,failed,,,,3.0,18.65,,,0.0,1694.99,,,,,,INSUFFICIENT_EVIDENCE,"[""economic_passport""]"
run_766,conv_viktor_zaitsev_03,viktor_zaitsev,,,failed,,,,3.0,19.240000000000002,,,0.0,1711.44,,,,,,INSUFFICIENT_EVIDENCE,"[""economic_passport""]"
run_769,conv_viktor_zaitsev_03,viktor_zaitsev,,,partial,,,,3.0,18.95,,,0.0,1710.7,,,,,,INSUFFICIENT_EVIDENCE,"[""economic_passport""]"
run_791,conv_yulia_belova_01,yulia_belova,cluster,9f9c6677e88abd39f165f84911bc138adccbe18c432bc050f292428c9a053184,cancelled,,,,3.0,12.85,,,0.0,1931.2,,,,,,INSUFFICIENT_EVIDENCE,"[""economic_passport""]"
run_792,conv_yulia_belova_01,yulia_belova,cluster,ef929cde84c69d4c87c1ede855119db14b99ad87292aacce89b42317c2c08739,cancelled,,,,3.0,14.79,,,0.0,1930.28,,,,,,INSUFFICIENT_EVIDENCE,"[""economic_passport""]"
run_793,conv_yulia_belova_01,yulia_belova,cluster,ef929cde84c69d4c87c1ede855119db14b99ad87292aacce89b42317c2c08739,cancelled,,,,3.0,45.0,,,0.0,29868.43,,,,,,INSUFFICIENT_EVIDENCE,"[""economic_passport""]"
run_794,conv_yulia_belova_01,yulia_belova,,,cancelled,,,,3.0,45.79,,,0.0,29882.07,,,,,,INSUFFICIENT_EVIDENCE,"[""economic_passport""]"
run_795,conv_yulia_belova_01,yulia_belova,,,cancelled,,,,3.0,64.38000000000001,,,0.0,29884.48,,,,,,INSUFFICIENT_EVIDENCE,"[""economic_passport""]"
run_796,conv_yulia_belova_01,yulia_belova,,,cancelled,,,,3.0,63.190000000000005,,,0.0,29884.63,,,,,,INSUFFICIENT_EVIDENCE,"[""economic_passport""]"
